/*
MySQL Data Transfer
Source Host: localhost
Source Database: ssm-crud
Target Host: localhost
Target Database: ssm-crud
Date: 2018/6/28 ÐÇÆÚËÄ 15:21:56
*/

SET FOREIGN_KEY_CHECKS=0;
-- ----------------------------
-- Table structure for core
-- ----------------------------
CREATE TABLE `core` (
  `id` int(10) NOT NULL,
  `singerid` int(10) NOT NULL,
  `countcore` int(20) NOT NULL,
  PRIMARY KEY (`id`),
  KEY `singerid` (`singerid`),
  CONSTRAINT `fk_core` FOREIGN KEY (`singerid`) REFERENCES `voting` (`singerid`)
) ENGINE=InnoDB DEFAULT CHARSET=utf8;

-- ----------------------------
-- Table structure for pk
-- ----------------------------
CREATE TABLE `pk` (
  `pkid` int(10) NOT NULL AUTO_INCREMENT,
  `singerid1` int(10) NOT NULL,
  `singerid2` int(10) NOT NULL,
  `playing` int(10) NOT NULL DEFAULT '0',
  PRIMARY KEY (`pkid`),
  KEY `fk_emp1_pk` (`singerid1`),
  KEY `fk_emp2_pk` (`singerid2`),
  CONSTRAINT `fk_emp1_pk` FOREIGN KEY (`singerid1`) REFERENCES `tbl_emp` (`emp_id`),
  CONSTRAINT `fk_emp2_pk` FOREIGN KEY (`singerid2`) REFERENCES `tbl_emp` (`emp_id`)
) ENGINE=InnoDB AUTO_INCREMENT=50 DEFAULT CHARSET=utf8 COLLATE=utf8_bin;

-- ----------------------------
-- Table structure for tbl_dept
-- ----------------------------
CREATE TABLE `tbl_dept` (
  `dept_id` int(11) NOT NULL AUTO_INCREMENT,
  `dept_name` varchar(255) COLLATE utf8_bin DEFAULT NULL,
  PRIMARY KEY (`dept_id`)
) ENGINE=InnoDB AUTO_INCREMENT=3 DEFAULT CHARSET=utf8 COLLATE=utf8_bin;

-- ----------------------------
-- Table structure for tbl_emp
-- ----------------------------
CREATE TABLE `tbl_emp` (
  `emp_id` int(11) NOT NULL AUTO_INCREMENT,
  `emp_name` varchar(255) COLLATE utf8_bin NOT NULL,
  `gender` char(1) COLLATE utf8_bin DEFAULT NULL,
  `email` varchar(255) COLLATE utf8_bin DEFAULT NULL,
  `d_id` int(11) DEFAULT NULL,
  PRIMARY KEY (`emp_id`),
  KEY `fk_emp_dept` (`d_id`),
  CONSTRAINT `fk_emp_dept` FOREIGN KEY (`d_id`) REFERENCES `tbl_dept` (`dept_id`)
) ENGINE=InnoDB AUTO_INCREMENT=4052 DEFAULT CHARSET=utf8 COLLATE=utf8_bin;

-- ----------------------------
-- Table structure for voting
-- ----------------------------
CREATE TABLE `voting` (
  `uid` int(20) NOT NULL AUTO_INCREMENT,
  `pkid` int(20) NOT NULL,
  `singerid` int(20) NOT NULL,
  `core` int(20) NOT NULL,
  PRIMARY KEY (`uid`,`pkid`,`singerid`),
  KEY `singerid` (`singerid`),
  KEY `pkid` (`pkid`),
  CONSTRAINT `pkid` FOREIGN KEY (`pkid`) REFERENCES `pk` (`pkid`),
  CONSTRAINT `voting_ibfk_1` FOREIGN KEY (`singerid`) REFERENCES `tbl_emp` (`emp_id`)
) ENGINE=InnoDB AUTO_INCREMENT=3 DEFAULT CHARSET=utf8;

-- ----------------------------
-- Records 
-- ----------------------------
INSERT INTO `pk` VALUES ('38', '3109', '3111', '0');
INSERT INTO `pk` VALUES ('39', '3103', '3103', '0');
INSERT INTO `pk` VALUES ('40', '3104', '3108', '0');
INSERT INTO `pk` VALUES ('41', '3104', '3106', '0');
INSERT INTO `pk` VALUES ('42', '3106', '3106', '0');
INSERT INTO `pk` VALUES ('43', '3103', '3103', '0');
INSERT INTO `pk` VALUES ('44', '3103', '3103', '0');
INSERT INTO `pk` VALUES ('46', '3108', '3108', '0');
INSERT INTO `pk` VALUES ('47', '3103', '3106', '1');
INSERT INTO `pk` VALUES ('48', '3106', '3106', '0');
INSERT INTO `pk` VALUES ('49', '4011', '4050', '0');
INSERT INTO `tbl_dept` VALUES ('1', 'çœ‹ç”µå½±');
INSERT INTO `tbl_dept` VALUES ('2', 'å”±æ­Œ');
INSERT INTO `tbl_emp` VALUES ('3103', 'cb8db99', 'M', 'cb97@xl.com', '1');
INSERT INTO `tbl_emp` VALUES ('3104', 'c8423100', 'M', 'c8423100@xl.com', '1');
INSERT INTO `tbl_emp` VALUES ('3106', 'd36c6102', 'M', 'd36c6102@xl.com', '1');
INSERT INTO `tbl_emp` VALUES ('3108', '2f25e104', 'M', '2f25e104@xl.com', '1');
INSERT INTO `tbl_emp` VALUES ('3109', 'fef5e105', 'M', 'fef5e105@xl.com', '1');
INSERT INTO `tbl_emp` VALUES ('3110', 'f8ecf106', 'M', 'f8ecf106@xl.com', '1');
INSERT INTO `tbl_emp` VALUES ('3111', '80108107', 'M', '80108107@xl.com', '1');
INSERT INTO `tbl_emp` VALUES ('3114', 'd22ec110', 'M', 'd22ec110@xl.com', '1');
INSERT INTO `tbl_emp` VALUES ('3115', '6e2a2111', 'M', '6e2a2111@xl.com', '1');
INSERT INTO `tbl_emp` VALUES ('3116', '33f1f112', 'M', '33f1f112@xl.com', '1');
INSERT INTO `tbl_emp` VALUES ('3136', 'e2541132', 'M', 'e2541132@xl.com', '1');
INSERT INTO `tbl_emp` VALUES ('3137', 'da9d8133', 'M', 'da9d8133@xl.com', '1');
INSERT INTO `tbl_emp` VALUES ('3138', '788fb134', 'M', '788fb134@xl.com', '1');
INSERT INTO `tbl_emp` VALUES ('3140', '93de1136', 'M', '93de1136@xl.com', '1');
INSERT INTO `tbl_emp` VALUES ('3141', '347d0137', 'M', '347d0137@xl.com', '1');
INSERT INTO `tbl_emp` VALUES ('3142', '187f8138', 'M', '187f8138@xl.com', '1');
INSERT INTO `tbl_emp` VALUES ('3143', 'f5c83139', 'M', 'f5c83139@xl.com', '1');
INSERT INTO `tbl_emp` VALUES ('3144', 'b302f140', 'M', 'b302f140@xl.com', '1');
INSERT INTO `tbl_emp` VALUES ('3145', '84eab141', 'M', '84eab141@xl.com', '1');
INSERT INTO `tbl_emp` VALUES ('3146', 'c705b142', 'M', 'c705b142@xl.com', '1');
INSERT INTO `tbl_emp` VALUES ('3147', 'df3d2143', 'M', 'df3d2143@xl.com', '1');
INSERT INTO `tbl_emp` VALUES ('3148', '6cdfc144', 'M', '6cdfc144@xl.com', '1');
INSERT INTO `tbl_emp` VALUES ('3150', '269a1146', 'M', '269a1146@xl.com', '1');
INSERT INTO `tbl_emp` VALUES ('3157', '8de1d153', 'M', '8de1d153@xl.com', '1');
INSERT INTO `tbl_emp` VALUES ('3159', '01af6155', 'M', '01af6155@xl.com', '1');
INSERT INTO `tbl_emp` VALUES ('3160', 'da0d1156', 'M', 'da0d1156@xl.com', '1');
INSERT INTO `tbl_emp` VALUES ('3161', 'aac84157', 'M', 'aac84157@xl.com', '1');
INSERT INTO `tbl_emp` VALUES ('3162', '19034158', 'M', '19034158@xl.com', '1');
INSERT INTO `tbl_emp` VALUES ('3163', '5b40d159', 'M', '5b40d159@xl.com', '1');
INSERT INTO `tbl_emp` VALUES ('3164', '0e15b160', 'M', '0e15b160@xl.com', '1');
INSERT INTO `tbl_emp` VALUES ('3165', '25d01161', 'M', '25d01161@xl.com', '1');
INSERT INTO `tbl_emp` VALUES ('3166', 'a8abc162', 'M', 'a8abc162@xl.com', '1');
INSERT INTO `tbl_emp` VALUES ('3167', '8ba42163', 'M', '8ba42163@xl.com', '1');
INSERT INTO `tbl_emp` VALUES ('3168', 'dea89164', 'M', 'dea89164@xl.com', '1');
INSERT INTO `tbl_emp` VALUES ('3169', '84b00165', 'M', '84b00165@xl.com', '1');
INSERT INTO `tbl_emp` VALUES ('3170', 'e9fc7166', 'M', 'e9fc7166@xl.com', '1');
INSERT INTO `tbl_emp` VALUES ('3171', '5a332167', 'M', '5a332167@xl.com', '1');
INSERT INTO `tbl_emp` VALUES ('3172', 'd4e11168', 'M', 'd4e11168@xl.com', '1');
INSERT INTO `tbl_emp` VALUES ('3173', '10c6c169', 'M', '10c6c169@xl.com', '1');
INSERT INTO `tbl_emp` VALUES ('3174', '0080e170', 'M', '0080e170@xl.com', '1');
INSERT INTO `tbl_emp` VALUES ('3175', '89062171', 'M', '89062171@xl.com', '1');
INSERT INTO `tbl_emp` VALUES ('3176', '9f9de172', 'M', '9f9de172@xl.com', '1');
INSERT INTO `tbl_emp` VALUES ('3177', '3c3b0173', 'M', '3c3b0173@xl.com', '1');
INSERT INTO `tbl_emp` VALUES ('3178', 'e7331174', 'M', 'e7331174@xl.com', '1');
INSERT INTO `tbl_emp` VALUES ('3179', '356ba175', 'M', '356ba175@xl.com', '1');
INSERT INTO `tbl_emp` VALUES ('3180', 'addb5176', 'M', 'addb5176@xl.com', '1');
INSERT INTO `tbl_emp` VALUES ('3181', '36438177', 'M', '36438177@xl.com', '1');
INSERT INTO `tbl_emp` VALUES ('3182', 'c38e8178', 'M', 'c38e8178@xl.com', '1');
INSERT INTO `tbl_emp` VALUES ('3183', '999d9179', 'M', '999d9179@xl.com', '1');
INSERT INTO `tbl_emp` VALUES ('3184', '066b3180', 'M', '066b3180@xl.com', '1');
INSERT INTO `tbl_emp` VALUES ('3185', 'd8ca5181', 'M', 'd8ca5181@xl.com', '1');
INSERT INTO `tbl_emp` VALUES ('3186', '07796182', 'M', '07796182@xl.com', '1');
INSERT INTO `tbl_emp` VALUES ('3187', '53bab183', 'M', '53bab183@xl.com', '1');
INSERT INTO `tbl_emp` VALUES ('3188', 'e7fa8184', 'M', 'e7fa8184@xl.com', '1');
INSERT INTO `tbl_emp` VALUES ('3189', '76182185', 'M', '76182185@xl.com', '1');
INSERT INTO `tbl_emp` VALUES ('3190', 'e37ec186', 'M', 'e37ec186@xl.com', '1');
INSERT INTO `tbl_emp` VALUES ('3191', '5f1c9187', 'M', '5f1c9187@xl.com', '1');
INSERT INTO `tbl_emp` VALUES ('3192', '1c20c188', 'M', '1c20c188@xl.com', '1');
INSERT INTO `tbl_emp` VALUES ('3193', '42d9f189', 'M', '42d9f189@xl.com', '1');
INSERT INTO `tbl_emp` VALUES ('3194', '5a21f190', 'M', '5a21f190@xl.com', '1');
INSERT INTO `tbl_emp` VALUES ('3195', 'ddad9191', 'M', 'ddad9191@xl.com', '1');
INSERT INTO `tbl_emp` VALUES ('3196', 'a50f5192', 'M', 'a50f5192@xl.com', '1');
INSERT INTO `tbl_emp` VALUES ('3197', 'e2d3c193', 'M', 'e2d3c193@xl.com', '1');
INSERT INTO `tbl_emp` VALUES ('3198', '89f6e194', 'M', '89f6e194@xl.com', '1');
INSERT INTO `tbl_emp` VALUES ('3199', '09670195', 'M', '09670195@xl.com', '1');
INSERT INTO `tbl_emp` VALUES ('3200', 'ed731196', 'M', 'ed731196@xl.com', '1');
INSERT INTO `tbl_emp` VALUES ('3201', 'a1d1d197', 'M', 'a1d1d197@xl.com', '1');
INSERT INTO `tbl_emp` VALUES ('3202', '357af198', 'M', '357af198@xl.com', '1');
INSERT INTO `tbl_emp` VALUES ('3203', '81f6d199', 'M', '81f6d199@xl.com', '1');
INSERT INTO `tbl_emp` VALUES ('3204', 'fbb98200', 'M', 'fbb98200@xl.com', '1');
INSERT INTO `tbl_emp` VALUES ('3205', '96f9e201', 'M', '96f9e201@xl.com', '1');
INSERT INTO `tbl_emp` VALUES ('3206', 'ac99e202', 'M', 'ac99e202@xl.com', '1');
INSERT INTO `tbl_emp` VALUES ('3207', '90c6c203', 'M', '90c6c203@xl.com', '1');
INSERT INTO `tbl_emp` VALUES ('3208', 'f7f8b204', 'M', 'f7f8b204@xl.com', '1');
INSERT INTO `tbl_emp` VALUES ('3209', '6392b205', 'M', '6392b205@xl.com', '1');
INSERT INTO `tbl_emp` VALUES ('3210', '701ff206', 'M', '701ff206@xl.com', '1');
INSERT INTO `tbl_emp` VALUES ('3211', 'ebc5c207', 'M', 'ebc5c207@xl.com', '1');
INSERT INTO `tbl_emp` VALUES ('3212', '985b2208', 'M', '985b2208@xl.com', '1');
INSERT INTO `tbl_emp` VALUES ('3213', 'a12b8209', 'M', 'a12b8209@xl.com', '1');
INSERT INTO `tbl_emp` VALUES ('3214', '170ff210', 'M', '170ff210@xl.com', '1');
INSERT INTO `tbl_emp` VALUES ('3215', '15f84211', 'M', '15f84211@xl.com', '1');
INSERT INTO `tbl_emp` VALUES ('3216', '180ee212', 'M', '180ee212@xl.com', '1');
INSERT INTO `tbl_emp` VALUES ('3217', 'ca83b213', 'M', 'ca83b213@xl.com', '1');
INSERT INTO `tbl_emp` VALUES ('3218', 'f79fe214', 'M', 'f79fe214@xl.com', '1');
INSERT INTO `tbl_emp` VALUES ('3219', '591d3215', 'M', '591d3215@xl.com', '1');
INSERT INTO `tbl_emp` VALUES ('3220', '60886216', 'M', '60886216@xl.com', '1');
INSERT INTO `tbl_emp` VALUES ('3221', '47910217', 'M', '47910217@xl.com', '1');
INSERT INTO `tbl_emp` VALUES ('3222', 'f7d80218', 'M', 'f7d80218@xl.com', '1');
INSERT INTO `tbl_emp` VALUES ('3223', '7e07f219', 'M', '7e07f219@xl.com', '1');
INSERT INTO `tbl_emp` VALUES ('3224', '937e7220', 'M', '937e7220@xl.com', '1');
INSERT INTO `tbl_emp` VALUES ('3225', 'fa826221', 'M', 'fa826221@xl.com', '1');
INSERT INTO `tbl_emp` VALUES ('3226', '90967222', 'M', '90967222@xl.com', '1');
INSERT INTO `tbl_emp` VALUES ('3227', '01a4c223', 'M', '01a4c223@xl.com', '1');
INSERT INTO `tbl_emp` VALUES ('3228', '363aa224', 'M', '363aa224@xl.com', '1');
INSERT INTO `tbl_emp` VALUES ('3229', '16999225', 'M', '16999225@xl.com', '1');
INSERT INTO `tbl_emp` VALUES ('3230', '70a04226', 'M', '70a04226@xl.com', '1');
INSERT INTO `tbl_emp` VALUES ('3231', '6e35e227', 'M', '6e35e227@xl.com', '1');
INSERT INTO `tbl_emp` VALUES ('3232', '62eea228', 'M', '62eea228@xl.com', '1');
INSERT INTO `tbl_emp` VALUES ('3233', 'af165229', 'M', 'af165229@xl.com', '1');
INSERT INTO `tbl_emp` VALUES ('3234', '438f4230', 'M', '438f4230@xl.com', '1');
INSERT INTO `tbl_emp` VALUES ('3235', '46997231', 'M', '46997231@xl.com', '1');
INSERT INTO `tbl_emp` VALUES ('3236', '47ba1232', 'M', '47ba1232@xl.com', '1');
INSERT INTO `tbl_emp` VALUES ('3237', '5c576233', 'M', '5c576233@xl.com', '1');
INSERT INTO `tbl_emp` VALUES ('3238', '87bfa234', 'M', '87bfa234@xl.com', '1');
INSERT INTO `tbl_emp` VALUES ('3239', '22ab2235', 'M', '22ab2235@xl.com', '1');
INSERT INTO `tbl_emp` VALUES ('3240', 'b4d57236', 'M', 'b4d57236@xl.com', '1');
INSERT INTO `tbl_emp` VALUES ('3241', 'fc8f2237', 'M', 'fc8f2237@xl.com', '1');
INSERT INTO `tbl_emp` VALUES ('3242', '5df45238', 'M', '5df45238@xl.com', '1');
INSERT INTO `tbl_emp` VALUES ('3243', '2f95a239', 'M', '2f95a239@xl.com', '1');
INSERT INTO `tbl_emp` VALUES ('3244', 'ec4ee240', 'M', 'ec4ee240@xl.com', '1');
INSERT INTO `tbl_emp` VALUES ('3245', '13456241', 'M', '13456241@xl.com', '1');
INSERT INTO `tbl_emp` VALUES ('3246', '4ceee242', 'M', '4ceee242@xl.com', '1');
INSERT INTO `tbl_emp` VALUES ('3247', 'bd104243', 'M', 'bd104243@xl.com', '1');
INSERT INTO `tbl_emp` VALUES ('3248', '26566244', 'M', '26566244@xl.com', '1');
INSERT INTO `tbl_emp` VALUES ('3249', 'b0a04245', 'M', 'b0a04245@xl.com', '1');
INSERT INTO `tbl_emp` VALUES ('3250', '37415246', 'M', '37415246@xl.com', '1');
INSERT INTO `tbl_emp` VALUES ('3251', '77f0f247', 'M', '77f0f247@xl.com', '1');
INSERT INTO `tbl_emp` VALUES ('3252', '9c2b7248', 'M', '9c2b7248@xl.com', '1');
INSERT INTO `tbl_emp` VALUES ('3253', 'cb0ed249', 'M', 'cb0ed249@xl.com', '1');
INSERT INTO `tbl_emp` VALUES ('3254', 'df11f250', 'M', 'df11f250@xl.com', '1');
INSERT INTO `tbl_emp` VALUES ('3255', 'e0447251', 'M', 'e0447251@xl.com', '1');
INSERT INTO `tbl_emp` VALUES ('3256', '2df99252', 'M', '2df99252@xl.com', '1');
INSERT INTO `tbl_emp` VALUES ('3257', 'd7b75253', 'M', 'd7b75253@xl.com', '1');
INSERT INTO `tbl_emp` VALUES ('3258', '89829254', 'M', '89829254@xl.com', '1');
INSERT INTO `tbl_emp` VALUES ('3259', '0a2ba255', 'M', '0a2ba255@xl.com', '1');
INSERT INTO `tbl_emp` VALUES ('3260', '4e7f4256', 'M', '4e7f4256@xl.com', '1');
INSERT INTO `tbl_emp` VALUES ('3261', '3c35b257', 'M', '3c35b257@xl.com', '1');
INSERT INTO `tbl_emp` VALUES ('3262', '4e46e258', 'M', '4e46e258@xl.com', '1');
INSERT INTO `tbl_emp` VALUES ('3263', 'b3af9259', 'M', 'b3af9259@xl.com', '1');
INSERT INTO `tbl_emp` VALUES ('3264', '5feac260', 'M', '5feac260@xl.com', '1');
INSERT INTO `tbl_emp` VALUES ('3265', '833e7261', 'M', '833e7261@xl.com', '1');
INSERT INTO `tbl_emp` VALUES ('3266', 'c10a9262', 'M', 'c10a9262@xl.com', '1');
INSERT INTO `tbl_emp` VALUES ('3267', '32497263', 'M', '32497263@xl.com', '1');
INSERT INTO `tbl_emp` VALUES ('3268', '7f211264', 'M', '7f211264@xl.com', '1');
INSERT INTO `tbl_emp` VALUES ('3269', '01c9b265', 'M', '01c9b265@xl.com', '1');
INSERT INTO `tbl_emp` VALUES ('3270', '030d5266', 'M', '030d5266@xl.com', '1');
INSERT INTO `tbl_emp` VALUES ('3271', '2cd69267', 'M', '2cd69267@xl.com', '1');
INSERT INTO `tbl_emp` VALUES ('3272', 'a50ea268', 'M', 'a50ea268@xl.com', '1');
INSERT INTO `tbl_emp` VALUES ('3273', '3bf3e269', 'M', '3bf3e269@xl.com', '1');
INSERT INTO `tbl_emp` VALUES ('3274', '3e1a7270', 'M', '3e1a7270@xl.com', '1');
INSERT INTO `tbl_emp` VALUES ('3275', '727e1271', 'M', '727e1271@xl.com', '1');
INSERT INTO `tbl_emp` VALUES ('3276', '585b0272', 'M', '585b0272@xl.com', '1');
INSERT INTO `tbl_emp` VALUES ('3277', '0a89a273', 'M', '0a89a273@xl.com', '1');
INSERT INTO `tbl_emp` VALUES ('3278', 'bfd01274', 'M', 'bfd01274@xl.com', '1');
INSERT INTO `tbl_emp` VALUES ('3279', 'f0dfc275', 'M', 'f0dfc275@xl.com', '1');
INSERT INTO `tbl_emp` VALUES ('3280', 'b6c8e276', 'M', 'b6c8e276@xl.com', '1');
INSERT INTO `tbl_emp` VALUES ('3281', '30931277', 'M', '30931277@xl.com', '1');
INSERT INTO `tbl_emp` VALUES ('3282', 'ebecc278', 'M', 'ebecc278@xl.com', '1');
INSERT INTO `tbl_emp` VALUES ('3283', 'b3bb6279', 'M', 'b3bb6279@xl.com', '1');
INSERT INTO `tbl_emp` VALUES ('3284', '1af4d280', 'M', '1af4d280@xl.com', '1');
INSERT INTO `tbl_emp` VALUES ('3285', '9f21d281', 'M', '9f21d281@xl.com', '1');
INSERT INTO `tbl_emp` VALUES ('3286', '0f9ed282', 'M', '0f9ed282@xl.com', '1');
INSERT INTO `tbl_emp` VALUES ('3287', '67e55283', 'M', '67e55283@xl.com', '1');
INSERT INTO `tbl_emp` VALUES ('3288', 'e76d5284', 'M', 'e76d5284@xl.com', '1');
INSERT INTO `tbl_emp` VALUES ('3289', '7af60285', 'M', '7af60285@xl.com', '1');
INSERT INTO `tbl_emp` VALUES ('3290', 'd9753286', 'M', 'd9753286@xl.com', '1');
INSERT INTO `tbl_emp` VALUES ('3291', '5acf7287', 'M', '5acf7287@xl.com', '1');
INSERT INTO `tbl_emp` VALUES ('3292', '463db288', 'M', '463db288@xl.com', '1');
INSERT INTO `tbl_emp` VALUES ('3293', 'e029d289', 'M', 'e029d289@xl.com', '1');
INSERT INTO `tbl_emp` VALUES ('3294', '4d175290', 'M', '4d175290@xl.com', '1');
INSERT INTO `tbl_emp` VALUES ('3295', '952c0291', 'M', '952c0291@xl.com', '1');
INSERT INTO `tbl_emp` VALUES ('3296', '7a519292', 'M', '7a519292@xl.com', '1');
INSERT INTO `tbl_emp` VALUES ('3297', '087a0293', 'M', '087a0293@xl.com', '1');
INSERT INTO `tbl_emp` VALUES ('3298', '14f6d294', 'M', '14f6d294@xl.com', '1');
INSERT INTO `tbl_emp` VALUES ('3299', 'de14b295', 'M', 'de14b295@xl.com', '1');
INSERT INTO `tbl_emp` VALUES ('3300', 'afd4d296', 'M', 'afd4d296@xl.com', '1');
INSERT INTO `tbl_emp` VALUES ('3301', 'b0aa4297', 'M', 'b0aa4297@xl.com', '1');
INSERT INTO `tbl_emp` VALUES ('3302', '15a3a298', 'M', '15a3a298@xl.com', '1');
INSERT INTO `tbl_emp` VALUES ('3303', '7f112299', 'M', '7f112299@xl.com', '1');
INSERT INTO `tbl_emp` VALUES ('3304', 'aca42300', 'M', 'aca42300@xl.com', '1');
INSERT INTO `tbl_emp` VALUES ('3305', '50fc6301', 'M', '50fc6301@xl.com', '1');
INSERT INTO `tbl_emp` VALUES ('3306', 'ab266302', 'M', 'ab266302@xl.com', '1');
INSERT INTO `tbl_emp` VALUES ('3307', '2bf6e303', 'M', '2bf6e303@xl.com', '1');
INSERT INTO `tbl_emp` VALUES ('3308', '3bf13304', 'M', '3bf13304@xl.com', '1');
INSERT INTO `tbl_emp` VALUES ('3309', 'dc8a6305', 'M', 'dc8a6305@xl.com', '1');
INSERT INTO `tbl_emp` VALUES ('3310', '6dafb306', 'M', '6dafb306@xl.com', '1');
INSERT INTO `tbl_emp` VALUES ('3311', 'cd4b5307', 'M', 'cd4b5307@xl.com', '1');
INSERT INTO `tbl_emp` VALUES ('3312', 'fe0a7308', 'M', 'fe0a7308@xl.com', '1');
INSERT INTO `tbl_emp` VALUES ('3313', '1ba03309', 'M', '1ba03309@xl.com', '1');
INSERT INTO `tbl_emp` VALUES ('3314', '61ad0310', 'M', '61ad0310@xl.com', '1');
INSERT INTO `tbl_emp` VALUES ('3315', '73f28311', 'M', '73f28311@xl.com', '1');
INSERT INTO `tbl_emp` VALUES ('3316', '4c3e2312', 'M', '4c3e2312@xl.com', '1');
INSERT INTO `tbl_emp` VALUES ('3317', 'b7279313', 'M', 'b7279313@xl.com', '1');
INSERT INTO `tbl_emp` VALUES ('3318', '3940b314', 'M', '3940b314@xl.com', '1');
INSERT INTO `tbl_emp` VALUES ('3319', '0c1b4315', 'M', '0c1b4315@xl.com', '1');
INSERT INTO `tbl_emp` VALUES ('3320', 'c410e316', 'M', 'c410e316@xl.com', '1');
INSERT INTO `tbl_emp` VALUES ('3321', '33184317', 'M', '33184317@xl.com', '1');
INSERT INTO `tbl_emp` VALUES ('3322', '37136318', 'M', '37136318@xl.com', '1');
INSERT INTO `tbl_emp` VALUES ('3323', '04c97319', 'M', '04c97319@xl.com', '1');
INSERT INTO `tbl_emp` VALUES ('3324', '18f76320', 'M', '18f76320@xl.com', '1');
INSERT INTO `tbl_emp` VALUES ('3325', 'f7f28321', 'M', 'f7f28321@xl.com', '1');
INSERT INTO `tbl_emp` VALUES ('3326', '89fe3322', 'M', '89fe3322@xl.com', '1');
INSERT INTO `tbl_emp` VALUES ('3327', '192f3323', 'M', '192f3323@xl.com', '1');
INSERT INTO `tbl_emp` VALUES ('3328', 'd8618324', 'M', 'd8618324@xl.com', '1');
INSERT INTO `tbl_emp` VALUES ('3329', 'cc881325', 'M', 'cc881325@xl.com', '1');
INSERT INTO `tbl_emp` VALUES ('3330', '23f52326', 'M', '23f52326@xl.com', '1');
INSERT INTO `tbl_emp` VALUES ('3331', 'fc6bc327', 'M', 'fc6bc327@xl.com', '1');
INSERT INTO `tbl_emp` VALUES ('3332', '26a10328', 'M', '26a10328@xl.com', '1');
INSERT INTO `tbl_emp` VALUES ('3333', 'd2b0f329', 'M', 'd2b0f329@xl.com', '1');
INSERT INTO `tbl_emp` VALUES ('3334', 'b214b330', 'M', 'b214b330@xl.com', '1');
INSERT INTO `tbl_emp` VALUES ('3335', '224b2331', 'M', '224b2331@xl.com', '1');
INSERT INTO `tbl_emp` VALUES ('3336', '595b5332', 'M', '595b5332@xl.com', '1');
INSERT INTO `tbl_emp` VALUES ('3337', 'fc88c333', 'M', 'fc88c333@xl.com', '1');
INSERT INTO `tbl_emp` VALUES ('3338', '1caf0334', 'M', '1caf0334@xl.com', '1');
INSERT INTO `tbl_emp` VALUES ('3339', '0ad8a335', 'M', '0ad8a335@xl.com', '1');
INSERT INTO `tbl_emp` VALUES ('3340', '1e292336', 'M', '1e292336@xl.com', '1');
INSERT INTO `tbl_emp` VALUES ('3341', '65ece337', 'M', '65ece337@xl.com', '1');
INSERT INTO `tbl_emp` VALUES ('3342', '20860338', 'M', '20860338@xl.com', '1');
INSERT INTO `tbl_emp` VALUES ('3343', '4e2ad339', 'M', '4e2ad339@xl.com', '1');
INSERT INTO `tbl_emp` VALUES ('3344', '9c7ca340', 'M', '9c7ca340@xl.com', '1');
INSERT INTO `tbl_emp` VALUES ('3345', '52477341', 'M', '52477341@xl.com', '1');
INSERT INTO `tbl_emp` VALUES ('3346', '066c1342', 'M', '066c1342@xl.com', '1');
INSERT INTO `tbl_emp` VALUES ('3347', '91746343', 'M', '91746343@xl.com', '1');
INSERT INTO `tbl_emp` VALUES ('3348', '08e1a344', 'M', '08e1a344@xl.com', '1');
INSERT INTO `tbl_emp` VALUES ('3349', 'b371d345', 'M', 'b371d345@xl.com', '1');
INSERT INTO `tbl_emp` VALUES ('3350', '6eec7346', 'M', '6eec7346@xl.com', '1');
INSERT INTO `tbl_emp` VALUES ('3351', '2ea25347', 'M', '2ea25347@xl.com', '1');
INSERT INTO `tbl_emp` VALUES ('3352', '0d3c9348', 'M', '0d3c9348@xl.com', '1');
INSERT INTO `tbl_emp` VALUES ('3353', 'b3dee349', 'M', 'b3dee349@xl.com', '1');
INSERT INTO `tbl_emp` VALUES ('3354', 'f8b4d350', 'M', 'f8b4d350@xl.com', '1');
INSERT INTO `tbl_emp` VALUES ('3355', '6f91f351', 'M', '6f91f351@xl.com', '1');
INSERT INTO `tbl_emp` VALUES ('3356', 'd8b69352', 'M', 'd8b69352@xl.com', '1');
INSERT INTO `tbl_emp` VALUES ('3357', 'bf0d5353', 'M', 'bf0d5353@xl.com', '1');
INSERT INTO `tbl_emp` VALUES ('3358', '0bd66354', 'M', '0bd66354@xl.com', '1');
INSERT INTO `tbl_emp` VALUES ('3359', '39f48355', 'M', '39f48355@xl.com', '1');
INSERT INTO `tbl_emp` VALUES ('3360', '0954d356', 'M', '0954d356@xl.com', '1');
INSERT INTO `tbl_emp` VALUES ('3361', '98326357', 'M', '98326357@xl.com', '1');
INSERT INTO `tbl_emp` VALUES ('3362', 'f956c358', 'M', 'f956c358@xl.com', '1');
INSERT INTO `tbl_emp` VALUES ('3363', '98bc3359', 'M', '98bc3359@xl.com', '1');
INSERT INTO `tbl_emp` VALUES ('3364', '368e3360', 'M', '368e3360@xl.com', '1');
INSERT INTO `tbl_emp` VALUES ('3365', '5f9ce361', 'M', '5f9ce361@xl.com', '1');
INSERT INTO `tbl_emp` VALUES ('3366', '89828362', 'M', '89828362@xl.com', '1');
INSERT INTO `tbl_emp` VALUES ('3367', 'a0c8c363', 'M', 'a0c8c363@xl.com', '1');
INSERT INTO `tbl_emp` VALUES ('3368', '8f9e9364', 'M', '8f9e9364@xl.com', '1');
INSERT INTO `tbl_emp` VALUES ('3369', '40059365', 'M', '40059365@xl.com', '1');
INSERT INTO `tbl_emp` VALUES ('3370', '27197366', 'M', '27197366@xl.com', '1');
INSERT INTO `tbl_emp` VALUES ('3371', '1bda6367', 'M', '1bda6367@xl.com', '1');
INSERT INTO `tbl_emp` VALUES ('3372', '12107368', 'M', '12107368@xl.com', '1');
INSERT INTO `tbl_emp` VALUES ('3373', 'fabfb369', 'M', 'fabfb369@xl.com', '1');
INSERT INTO `tbl_emp` VALUES ('3374', 'c282d370', 'M', 'c282d370@xl.com', '1');
INSERT INTO `tbl_emp` VALUES ('3375', '9adaa371', 'M', '9adaa371@xl.com', '1');
INSERT INTO `tbl_emp` VALUES ('3376', '0c9d0372', 'M', '0c9d0372@xl.com', '1');
INSERT INTO `tbl_emp` VALUES ('3377', '17d9e373', 'M', '17d9e373@xl.com', '1');
INSERT INTO `tbl_emp` VALUES ('3378', 'a9bb5374', 'M', 'a9bb5374@xl.com', '1');
INSERT INTO `tbl_emp` VALUES ('3379', '7bcd4375', 'M', '7bcd4375@xl.com', '1');
INSERT INTO `tbl_emp` VALUES ('3380', '05b95376', 'M', '05b95376@xl.com', '1');
INSERT INTO `tbl_emp` VALUES ('3381', '8dcc5377', 'M', '8dcc5377@xl.com', '1');
INSERT INTO `tbl_emp` VALUES ('3382', '8b582378', 'M', '8b582378@xl.com', '1');
INSERT INTO `tbl_emp` VALUES ('3383', '7fe46379', 'M', '7fe46379@xl.com', '1');
INSERT INTO `tbl_emp` VALUES ('3384', '9cd11380', 'M', '9cd11380@xl.com', '1');
INSERT INTO `tbl_emp` VALUES ('3385', '53eda381', 'M', '53eda381@xl.com', '1');
INSERT INTO `tbl_emp` VALUES ('3386', '8f1db382', 'M', '8f1db382@xl.com', '1');
INSERT INTO `tbl_emp` VALUES ('3387', '686a7383', 'M', '686a7383@xl.com', '1');
INSERT INTO `tbl_emp` VALUES ('3388', 'b6515384', 'M', 'b6515384@xl.com', '1');
INSERT INTO `tbl_emp` VALUES ('3389', 'da81a385', 'M', 'da81a385@xl.com', '1');
INSERT INTO `tbl_emp` VALUES ('3390', '42123386', 'M', '42123386@xl.com', '1');
INSERT INTO `tbl_emp` VALUES ('3391', '2d079387', 'M', '2d079387@xl.com', '1');
INSERT INTO `tbl_emp` VALUES ('3392', 'f936d388', 'M', 'f936d388@xl.com', '1');
INSERT INTO `tbl_emp` VALUES ('3393', '979aa389', 'M', '979aa389@xl.com', '1');
INSERT INTO `tbl_emp` VALUES ('3394', '00985390', 'M', '00985390@xl.com', '1');
INSERT INTO `tbl_emp` VALUES ('3395', 'dcea3391', 'M', 'dcea3391@xl.com', '1');
INSERT INTO `tbl_emp` VALUES ('3396', 'dece4392', 'M', 'dece4392@xl.com', '1');
INSERT INTO `tbl_emp` VALUES ('3397', '4b192393', 'M', '4b192393@xl.com', '1');
INSERT INTO `tbl_emp` VALUES ('3398', '7e4d7394', 'M', '7e4d7394@xl.com', '1');
INSERT INTO `tbl_emp` VALUES ('3399', 'a1d42395', 'M', 'a1d42395@xl.com', '1');
INSERT INTO `tbl_emp` VALUES ('3400', '00683396', 'M', '00683396@xl.com', '1');
INSERT INTO `tbl_emp` VALUES ('3401', '234b8397', 'M', '234b8397@xl.com', '1');
INSERT INTO `tbl_emp` VALUES ('3402', '7e6ba398', 'M', '7e6ba398@xl.com', '1');
INSERT INTO `tbl_emp` VALUES ('3403', '9ae53399', 'M', '9ae53399@xl.com', '1');
INSERT INTO `tbl_emp` VALUES ('3404', '56e48400', 'M', '56e48400@xl.com', '1');
INSERT INTO `tbl_emp` VALUES ('3405', '82993401', 'M', '82993401@xl.com', '1');
INSERT INTO `tbl_emp` VALUES ('3406', '28ae6402', 'M', '28ae6402@xl.com', '1');
INSERT INTO `tbl_emp` VALUES ('3407', 'aeea5403', 'M', 'aeea5403@xl.com', '1');
INSERT INTO `tbl_emp` VALUES ('3408', 'cde0e404', 'M', 'cde0e404@xl.com', '1');
INSERT INTO `tbl_emp` VALUES ('3409', 'ac986405', 'M', 'ac986405@xl.com', '1');
INSERT INTO `tbl_emp` VALUES ('3410', 'd580e406', 'M', 'd580e406@xl.com', '1');
INSERT INTO `tbl_emp` VALUES ('3411', 'dae4b407', 'M', 'dae4b407@xl.com', '1');
INSERT INTO `tbl_emp` VALUES ('3412', '990fc408', 'M', '990fc408@xl.com', '1');
INSERT INTO `tbl_emp` VALUES ('3413', 'a5bf2409', 'M', 'a5bf2409@xl.com', '1');
INSERT INTO `tbl_emp` VALUES ('3414', 'd1360410', 'M', 'd1360410@xl.com', '1');
INSERT INTO `tbl_emp` VALUES ('3415', '8d490411', 'M', '8d490411@xl.com', '1');
INSERT INTO `tbl_emp` VALUES ('3416', '2920e412', 'M', '2920e412@xl.com', '1');
INSERT INTO `tbl_emp` VALUES ('3417', 'da1c5413', 'M', 'da1c5413@xl.com', '1');
INSERT INTO `tbl_emp` VALUES ('3418', '0c36d414', 'M', '0c36d414@xl.com', '1');
INSERT INTO `tbl_emp` VALUES ('3419', 'b8069415', 'M', 'b8069415@xl.com', '1');
INSERT INTO `tbl_emp` VALUES ('3420', '759c3416', 'M', '759c3416@xl.com', '1');
INSERT INTO `tbl_emp` VALUES ('3421', 'c5e19417', 'M', 'c5e19417@xl.com', '1');
INSERT INTO `tbl_emp` VALUES ('3422', 'c131d418', 'M', 'c131d418@xl.com', '1');
INSERT INTO `tbl_emp` VALUES ('3423', '8cc42419', 'M', '8cc42419@xl.com', '1');
INSERT INTO `tbl_emp` VALUES ('3424', '867d6420', 'M', '867d6420@xl.com', '1');
INSERT INTO `tbl_emp` VALUES ('3425', '9d3e1421', 'M', '9d3e1421@xl.com', '1');
INSERT INTO `tbl_emp` VALUES ('3426', '4edb9422', 'M', '4edb9422@xl.com', '1');
INSERT INTO `tbl_emp` VALUES ('3427', '11b28423', 'M', '11b28423@xl.com', '1');
INSERT INTO `tbl_emp` VALUES ('3428', '7ce7b424', 'M', '7ce7b424@xl.com', '1');
INSERT INTO `tbl_emp` VALUES ('3429', 'ec6a9425', 'M', 'ec6a9425@xl.com', '1');
INSERT INTO `tbl_emp` VALUES ('3430', '7d368426', 'M', '7d368426@xl.com', '1');
INSERT INTO `tbl_emp` VALUES ('3431', '77da0427', 'M', '77da0427@xl.com', '1');
INSERT INTO `tbl_emp` VALUES ('3432', 'e70f8428', 'M', 'e70f8428@xl.com', '1');
INSERT INTO `tbl_emp` VALUES ('3433', 'f7d0a429', 'M', 'f7d0a429@xl.com', '1');
INSERT INTO `tbl_emp` VALUES ('3434', 'f70db430', 'M', 'f70db430@xl.com', '1');
INSERT INTO `tbl_emp` VALUES ('3435', '48de9431', 'M', '48de9431@xl.com', '1');
INSERT INTO `tbl_emp` VALUES ('3436', '42f46432', 'M', '42f46432@xl.com', '1');
INSERT INTO `tbl_emp` VALUES ('3437', '2b234433', 'M', '2b234433@xl.com', '1');
INSERT INTO `tbl_emp` VALUES ('3438', '56a3b434', 'M', '56a3b434@xl.com', '1');
INSERT INTO `tbl_emp` VALUES ('3439', '71aa3435', 'M', '71aa3435@xl.com', '1');
INSERT INTO `tbl_emp` VALUES ('3440', 'd6400436', 'M', 'd6400436@xl.com', '1');
INSERT INTO `tbl_emp` VALUES ('3441', '1cedc437', 'M', '1cedc437@xl.com', '1');
INSERT INTO `tbl_emp` VALUES ('3442', '23dab438', 'M', '23dab438@xl.com', '1');
INSERT INTO `tbl_emp` VALUES ('3443', '52108439', 'M', '52108439@xl.com', '1');
INSERT INTO `tbl_emp` VALUES ('3444', 'be91e440', 'M', 'be91e440@xl.com', '1');
INSERT INTO `tbl_emp` VALUES ('3445', 'f7149441', 'M', 'f7149441@xl.com', '1');
INSERT INTO `tbl_emp` VALUES ('3446', 'dbff1442', 'M', 'dbff1442@xl.com', '1');
INSERT INTO `tbl_emp` VALUES ('3447', '12450443', 'M', '12450443@xl.com', '1');
INSERT INTO `tbl_emp` VALUES ('3448', 'acc1c444', 'M', 'acc1c444@xl.com', '1');
INSERT INTO `tbl_emp` VALUES ('3449', '412fc445', 'M', '412fc445@xl.com', '1');
INSERT INTO `tbl_emp` VALUES ('3450', 'a3db1446', 'M', 'a3db1446@xl.com', '1');
INSERT INTO `tbl_emp` VALUES ('3451', '91e0e447', 'M', '91e0e447@xl.com', '1');
INSERT INTO `tbl_emp` VALUES ('3452', '2e82e448', 'M', '2e82e448@xl.com', '1');
INSERT INTO `tbl_emp` VALUES ('3453', 'acb55449', 'M', 'acb55449@xl.com', '1');
INSERT INTO `tbl_emp` VALUES ('3454', '09e45450', 'M', '09e45450@xl.com', '1');
INSERT INTO `tbl_emp` VALUES ('3455', '01fd8451', 'M', '01fd8451@xl.com', '1');
INSERT INTO `tbl_emp` VALUES ('3456', '5b139452', 'M', '5b139452@xl.com', '1');
INSERT INTO `tbl_emp` VALUES ('3457', '5457e453', 'M', '5457e453@xl.com', '1');
INSERT INTO `tbl_emp` VALUES ('3458', 'c09e7454', 'M', 'c09e7454@xl.com', '1');
INSERT INTO `tbl_emp` VALUES ('3459', '9e283455', 'M', '9e283455@xl.com', '1');
INSERT INTO `tbl_emp` VALUES ('3460', '1a2c1456', 'M', '1a2c1456@xl.com', '1');
INSERT INTO `tbl_emp` VALUES ('3461', 'c0c58457', 'M', 'c0c58457@xl.com', '1');
INSERT INTO `tbl_emp` VALUES ('3462', '78e90458', 'M', '78e90458@xl.com', '1');
INSERT INTO `tbl_emp` VALUES ('3463', '01ac9459', 'M', '01ac9459@xl.com', '1');
INSERT INTO `tbl_emp` VALUES ('3464', '4c198460', 'M', '4c198460@xl.com', '1');
INSERT INTO `tbl_emp` VALUES ('3465', 'ebae5461', 'M', 'ebae5461@xl.com', '1');
INSERT INTO `tbl_emp` VALUES ('3466', 'fc685462', 'M', 'fc685462@xl.com', '1');
INSERT INTO `tbl_emp` VALUES ('3467', '96810463', 'M', '96810463@xl.com', '1');
INSERT INTO `tbl_emp` VALUES ('3468', '12074464', 'M', '12074464@xl.com', '1');
INSERT INTO `tbl_emp` VALUES ('3469', '6bdd3465', 'M', '6bdd3465@xl.com', '1');
INSERT INTO `tbl_emp` VALUES ('3470', 'b4860466', 'M', 'b4860466@xl.com', '1');
INSERT INTO `tbl_emp` VALUES ('3471', 'c0c9a467', 'M', 'c0c9a467@xl.com', '1');
INSERT INTO `tbl_emp` VALUES ('3472', 'c05ca468', 'M', 'c05ca468@xl.com', '1');
INSERT INTO `tbl_emp` VALUES ('3473', '97dfa469', 'M', '97dfa469@xl.com', '1');
INSERT INTO `tbl_emp` VALUES ('3474', 'cd92a470', 'M', 'cd92a470@xl.com', '1');
INSERT INTO `tbl_emp` VALUES ('3475', '0ea68471', 'M', '0ea68471@xl.com', '1');
INSERT INTO `tbl_emp` VALUES ('3476', '00cd2472', 'M', '00cd2472@xl.com', '1');
INSERT INTO `tbl_emp` VALUES ('3477', '83862473', 'M', '83862473@xl.com', '1');
INSERT INTO `tbl_emp` VALUES ('3478', 'f7d83474', 'M', 'f7d83474@xl.com', '1');
INSERT INTO `tbl_emp` VALUES ('3479', '1abaa475', 'M', '1abaa475@xl.com', '1');
INSERT INTO `tbl_emp` VALUES ('3480', 'a3469476', 'M', 'a3469476@xl.com', '1');
INSERT INTO `tbl_emp` VALUES ('3481', 'cc637477', 'M', 'cc637477@xl.com', '1');
INSERT INTO `tbl_emp` VALUES ('3482', 'ae6c4478', 'M', 'ae6c4478@xl.com', '1');
INSERT INTO `tbl_emp` VALUES ('3483', 'a2497479', 'M', 'a2497479@xl.com', '1');
INSERT INTO `tbl_emp` VALUES ('3484', 'e6c3f480', 'M', 'e6c3f480@xl.com', '1');
INSERT INTO `tbl_emp` VALUES ('3485', 'c652b481', 'M', 'c652b481@xl.com', '1');
INSERT INTO `tbl_emp` VALUES ('3486', 'f7b1c482', 'M', 'f7b1c482@xl.com', '1');
INSERT INTO `tbl_emp` VALUES ('3487', '15fc9483', 'M', '15fc9483@xl.com', '1');
INSERT INTO `tbl_emp` VALUES ('3488', '71776484', 'M', '71776484@xl.com', '1');
INSERT INTO `tbl_emp` VALUES ('3489', '5ae93485', 'M', '5ae93485@xl.com', '1');
INSERT INTO `tbl_emp` VALUES ('3490', '89325486', 'M', '89325486@xl.com', '1');
INSERT INTO `tbl_emp` VALUES ('3491', 'd7be9487', 'M', 'd7be9487@xl.com', '1');
INSERT INTO `tbl_emp` VALUES ('3492', 'a39b8488', 'M', 'a39b8488@xl.com', '1');
INSERT INTO `tbl_emp` VALUES ('3493', 'e4b37489', 'M', 'e4b37489@xl.com', '1');
INSERT INTO `tbl_emp` VALUES ('3494', 'f8347490', 'M', 'f8347490@xl.com', '1');
INSERT INTO `tbl_emp` VALUES ('3495', '12aeb491', 'M', '12aeb491@xl.com', '1');
INSERT INTO `tbl_emp` VALUES ('3496', '965a3492', 'M', '965a3492@xl.com', '1');
INSERT INTO `tbl_emp` VALUES ('3497', '5c191493', 'M', '5c191493@xl.com', '1');
INSERT INTO `tbl_emp` VALUES ('3498', '9deb5494', 'M', '9deb5494@xl.com', '1');
INSERT INTO `tbl_emp` VALUES ('3499', '7f2b6495', 'M', '7f2b6495@xl.com', '1');
INSERT INTO `tbl_emp` VALUES ('3500', '98b1a496', 'M', '98b1a496@xl.com', '1');
INSERT INTO `tbl_emp` VALUES ('3501', '21d2c497', 'M', '21d2c497@xl.com', '1');
INSERT INTO `tbl_emp` VALUES ('3502', 'd592b498', 'M', 'd592b498@xl.com', '1');
INSERT INTO `tbl_emp` VALUES ('3503', 'dce67499', 'M', 'dce67499@xl.com', '1');
INSERT INTO `tbl_emp` VALUES ('3504', '31ebe500', 'M', '31ebe500@xl.com', '1');
INSERT INTO `tbl_emp` VALUES ('3505', 'a218a501', 'M', 'a218a501@xl.com', '1');
INSERT INTO `tbl_emp` VALUES ('3506', '5575a502', 'M', '5575a502@xl.com', '1');
INSERT INTO `tbl_emp` VALUES ('3507', '8fc8f503', 'M', '8fc8f503@xl.com', '1');
INSERT INTO `tbl_emp` VALUES ('3508', '9b041504', 'M', '9b041504@xl.com', '1');
INSERT INTO `tbl_emp` VALUES ('3509', 'bfa38505', 'M', 'bfa38505@xl.com', '1');
INSERT INTO `tbl_emp` VALUES ('3510', 'a500f506', 'M', 'a500f506@xl.com', '1');
INSERT INTO `tbl_emp` VALUES ('3511', '6e421507', 'M', '6e421507@xl.com', '1');
INSERT INTO `tbl_emp` VALUES ('3512', 'c9f82508', 'M', 'c9f82508@xl.com', '1');
INSERT INTO `tbl_emp` VALUES ('3513', 'af045509', 'M', 'af045509@xl.com', '1');
INSERT INTO `tbl_emp` VALUES ('3514', 'fc8da510', 'M', 'fc8da510@xl.com', '1');
INSERT INTO `tbl_emp` VALUES ('3515', '9c804511', 'M', '9c804511@xl.com', '1');
INSERT INTO `tbl_emp` VALUES ('3516', 'aeec5512', 'M', 'aeec5512@xl.com', '1');
INSERT INTO `tbl_emp` VALUES ('3517', '8ba95513', 'M', '8ba95513@xl.com', '1');
INSERT INTO `tbl_emp` VALUES ('3518', '1066e514', 'M', '1066e514@xl.com', '1');
INSERT INTO `tbl_emp` VALUES ('3519', '531d4515', 'M', '531d4515@xl.com', '1');
INSERT INTO `tbl_emp` VALUES ('3520', '04282516', 'M', '04282516@xl.com', '1');
INSERT INTO `tbl_emp` VALUES ('3521', '120d7517', 'M', '120d7517@xl.com', '1');
INSERT INTO `tbl_emp` VALUES ('3522', 'd3c43518', 'M', 'd3c43518@xl.com', '1');
INSERT INTO `tbl_emp` VALUES ('3523', 'f45f1519', 'M', 'f45f1519@xl.com', '1');
INSERT INTO `tbl_emp` VALUES ('3524', '8b5cf520', 'M', '8b5cf520@xl.com', '1');
INSERT INTO `tbl_emp` VALUES ('3525', 'a5f89521', 'M', 'a5f89521@xl.com', '1');
INSERT INTO `tbl_emp` VALUES ('3526', '80323522', 'M', '80323522@xl.com', '1');
INSERT INTO `tbl_emp` VALUES ('3527', '16e6d523', 'M', '16e6d523@xl.com', '1');
INSERT INTO `tbl_emp` VALUES ('3528', '52c83524', 'M', '52c83524@xl.com', '1');
INSERT INTO `tbl_emp` VALUES ('3529', '20ad5525', 'M', '20ad5525@xl.com', '1');
INSERT INTO `tbl_emp` VALUES ('3530', '0dca8526', 'M', '0dca8526@xl.com', '1');
INSERT INTO `tbl_emp` VALUES ('3531', '4f7c8527', 'M', '4f7c8527@xl.com', '1');
INSERT INTO `tbl_emp` VALUES ('3532', '8a48d528', 'M', '8a48d528@xl.com', '1');
INSERT INTO `tbl_emp` VALUES ('3533', '784de529', 'M', '784de529@xl.com', '1');
INSERT INTO `tbl_emp` VALUES ('3534', '8175b530', 'M', '8175b530@xl.com', '1');
INSERT INTO `tbl_emp` VALUES ('3535', '64321531', 'M', '64321531@xl.com', '1');
INSERT INTO `tbl_emp` VALUES ('3536', '5af24532', 'M', '5af24532@xl.com', '1');
INSERT INTO `tbl_emp` VALUES ('3537', '34487533', 'M', '34487533@xl.com', '1');
INSERT INTO `tbl_emp` VALUES ('3538', 'ed9c5534', 'M', 'ed9c5534@xl.com', '1');
INSERT INTO `tbl_emp` VALUES ('3539', '1008c535', 'M', '1008c535@xl.com', '1');
INSERT INTO `tbl_emp` VALUES ('3540', '3021c536', 'M', '3021c536@xl.com', '1');
INSERT INTO `tbl_emp` VALUES ('3541', 'b5805537', 'M', 'b5805537@xl.com', '1');
INSERT INTO `tbl_emp` VALUES ('3542', '4b602538', 'M', '4b602538@xl.com', '1');
INSERT INTO `tbl_emp` VALUES ('3543', '0afad539', 'M', '0afad539@xl.com', '1');
INSERT INTO `tbl_emp` VALUES ('3544', 'a11ba540', 'M', 'a11ba540@xl.com', '1');
INSERT INTO `tbl_emp` VALUES ('3545', 'b4d7f541', 'M', 'b4d7f541@xl.com', '1');
INSERT INTO `tbl_emp` VALUES ('3546', '237ba542', 'M', '237ba542@xl.com', '1');
INSERT INTO `tbl_emp` VALUES ('3547', 'fed2e543', 'M', 'fed2e543@xl.com', '1');
INSERT INTO `tbl_emp` VALUES ('3548', '9d893544', 'M', '9d893544@xl.com', '1');
INSERT INTO `tbl_emp` VALUES ('3549', 'd4092545', 'M', 'd4092545@xl.com', '1');
INSERT INTO `tbl_emp` VALUES ('3550', 'b550b546', 'M', 'b550b546@xl.com', '1');
INSERT INTO `tbl_emp` VALUES ('3551', 'fe091547', 'M', 'fe091547@xl.com', '1');
INSERT INTO `tbl_emp` VALUES ('3552', '18335548', 'M', '18335548@xl.com', '1');
INSERT INTO `tbl_emp` VALUES ('3553', '67e5b549', 'M', '67e5b549@xl.com', '1');
INSERT INTO `tbl_emp` VALUES ('3554', '4c81d550', 'M', '4c81d550@xl.com', '1');
INSERT INTO `tbl_emp` VALUES ('3555', '344f7551', 'M', '344f7551@xl.com', '1');
INSERT INTO `tbl_emp` VALUES ('3556', '67cbd552', 'M', '67cbd552@xl.com', '1');
INSERT INTO `tbl_emp` VALUES ('3557', '7008b553', 'M', '7008b553@xl.com', '1');
INSERT INTO `tbl_emp` VALUES ('3558', '1af58554', 'M', '1af58554@xl.com', '1');
INSERT INTO `tbl_emp` VALUES ('3559', 'a4538555', 'M', 'a4538555@xl.com', '1');
INSERT INTO `tbl_emp` VALUES ('3560', '29c4e556', 'M', '29c4e556@xl.com', '1');
INSERT INTO `tbl_emp` VALUES ('3561', 'ad3a8557', 'M', 'ad3a8557@xl.com', '1');
INSERT INTO `tbl_emp` VALUES ('3562', 'bb664558', 'M', 'bb664558@xl.com', '1');
INSERT INTO `tbl_emp` VALUES ('3563', 'a96cc559', 'M', 'a96cc559@xl.com', '1');
INSERT INTO `tbl_emp` VALUES ('3564', '92c22560', 'M', '92c22560@xl.com', '1');
INSERT INTO `tbl_emp` VALUES ('3565', 'eb9be561', 'M', 'eb9be561@xl.com', '1');
INSERT INTO `tbl_emp` VALUES ('3566', 'bce06562', 'M', 'bce06562@xl.com', '1');
INSERT INTO `tbl_emp` VALUES ('3567', '613ec563', 'M', '613ec563@xl.com', '1');
INSERT INTO `tbl_emp` VALUES ('3568', '16a95564', 'M', '16a95564@xl.com', '1');
INSERT INTO `tbl_emp` VALUES ('3569', '61c8e565', 'M', '61c8e565@xl.com', '1');
INSERT INTO `tbl_emp` VALUES ('3570', '02f42566', 'M', '02f42566@xl.com', '1');
INSERT INTO `tbl_emp` VALUES ('3571', '10f54567', 'M', '10f54567@xl.com', '1');
INSERT INTO `tbl_emp` VALUES ('3572', '438c0568', 'M', '438c0568@xl.com', '1');
INSERT INTO `tbl_emp` VALUES ('3573', '39bca569', 'M', '39bca569@xl.com', '1');
INSERT INTO `tbl_emp` VALUES ('3574', '4ba7c570', 'M', '4ba7c570@xl.com', '1');
INSERT INTO `tbl_emp` VALUES ('3575', 'bac65571', 'M', 'bac65571@xl.com', '1');
INSERT INTO `tbl_emp` VALUES ('3576', '77a36572', 'M', '77a36572@xl.com', '1');
INSERT INTO `tbl_emp` VALUES ('3577', '9d8f0573', 'M', '9d8f0573@xl.com', '1');
INSERT INTO `tbl_emp` VALUES ('3578', 'a5535574', 'M', 'a5535574@xl.com', '1');
INSERT INTO `tbl_emp` VALUES ('3579', '0a272575', 'M', '0a272575@xl.com', '1');
INSERT INTO `tbl_emp` VALUES ('3580', 'b8c67576', 'M', 'b8c67576@xl.com', '1');
INSERT INTO `tbl_emp` VALUES ('3581', '1d06a577', 'M', '1d06a577@xl.com', '1');
INSERT INTO `tbl_emp` VALUES ('3582', '9f0ba578', 'M', '9f0ba578@xl.com', '1');
INSERT INTO `tbl_emp` VALUES ('3583', '1433b579', 'M', '1433b579@xl.com', '1');
INSERT INTO `tbl_emp` VALUES ('3584', '63d30580', 'M', '63d30580@xl.com', '1');
INSERT INTO `tbl_emp` VALUES ('3585', '83d6b581', 'M', '83d6b581@xl.com', '1');
INSERT INTO `tbl_emp` VALUES ('3586', '68fb6582', 'M', '68fb6582@xl.com', '1');
INSERT INTO `tbl_emp` VALUES ('3587', 'bce3e583', 'M', 'bce3e583@xl.com', '1');
INSERT INTO `tbl_emp` VALUES ('3588', 'f2756584', 'M', 'f2756584@xl.com', '1');
INSERT INTO `tbl_emp` VALUES ('3589', '5d512585', 'M', '5d512585@xl.com', '1');
INSERT INTO `tbl_emp` VALUES ('3590', 'faa0a586', 'M', 'faa0a586@xl.com', '1');
INSERT INTO `tbl_emp` VALUES ('3591', '0eb26587', 'M', '0eb26587@xl.com', '1');
INSERT INTO `tbl_emp` VALUES ('3592', '1fc05588', 'M', '1fc05588@xl.com', '1');
INSERT INTO `tbl_emp` VALUES ('3593', '4048b589', 'M', '4048b589@xl.com', '1');
INSERT INTO `tbl_emp` VALUES ('3594', '3844d590', 'M', '3844d590@xl.com', '1');
INSERT INTO `tbl_emp` VALUES ('3595', '19e8a591', 'M', '19e8a591@xl.com', '1');
INSERT INTO `tbl_emp` VALUES ('3596', 'cb5f6592', 'M', 'cb5f6592@xl.com', '1');
INSERT INTO `tbl_emp` VALUES ('3597', '916dc593', 'M', '916dc593@xl.com', '1');
INSERT INTO `tbl_emp` VALUES ('3598', 'a6961594', 'M', 'a6961594@xl.com', '1');
INSERT INTO `tbl_emp` VALUES ('3599', 'fa2e9595', 'M', 'fa2e9595@xl.com', '1');
INSERT INTO `tbl_emp` VALUES ('3600', '37de8596', 'M', '37de8596@xl.com', '1');
INSERT INTO `tbl_emp` VALUES ('3601', 'd9c47597', 'M', 'd9c47597@xl.com', '1');
INSERT INTO `tbl_emp` VALUES ('3602', 'eb6f6598', 'M', 'eb6f6598@xl.com', '1');
INSERT INTO `tbl_emp` VALUES ('3603', '22933599', 'M', '22933599@xl.com', '1');
INSERT INTO `tbl_emp` VALUES ('3604', 'cffc5600', 'M', 'cffc5600@xl.com', '1');
INSERT INTO `tbl_emp` VALUES ('3605', 'ffb5c601', 'M', 'ffb5c601@xl.com', '1');
INSERT INTO `tbl_emp` VALUES ('3606', 'f81c0602', 'M', 'f81c0602@xl.com', '1');
INSERT INTO `tbl_emp` VALUES ('3607', 'eb19d603', 'M', 'eb19d603@xl.com', '1');
INSERT INTO `tbl_emp` VALUES ('3608', 'cb171604', 'M', 'cb171604@xl.com', '1');
INSERT INTO `tbl_emp` VALUES ('3609', '2277c605', 'M', '2277c605@xl.com', '1');
INSERT INTO `tbl_emp` VALUES ('3610', '9e4a8606', 'M', '9e4a8606@xl.com', '1');
INSERT INTO `tbl_emp` VALUES ('3611', '55f40607', 'M', '55f40607@xl.com', '1');
INSERT INTO `tbl_emp` VALUES ('3612', '0177e608', 'M', '0177e608@xl.com', '1');
INSERT INTO `tbl_emp` VALUES ('3613', 'ebc72609', 'M', 'ebc72609@xl.com', '1');
INSERT INTO `tbl_emp` VALUES ('3614', 'fc704610', 'M', 'fc704610@xl.com', '1');
INSERT INTO `tbl_emp` VALUES ('3615', '7bf43611', 'M', '7bf43611@xl.com', '1');
INSERT INTO `tbl_emp` VALUES ('3616', 'a3aa0612', 'M', 'a3aa0612@xl.com', '1');
INSERT INTO `tbl_emp` VALUES ('3617', '2fee3613', 'M', '2fee3613@xl.com', '1');
INSERT INTO `tbl_emp` VALUES ('3618', '95e4b614', 'M', '95e4b614@xl.com', '1');
INSERT INTO `tbl_emp` VALUES ('3619', 'b79f0615', 'M', 'b79f0615@xl.com', '1');
INSERT INTO `tbl_emp` VALUES ('3620', 'e6975616', 'M', 'e6975616@xl.com', '1');
INSERT INTO `tbl_emp` VALUES ('3621', '15da5617', 'M', '15da5617@xl.com', '1');
INSERT INTO `tbl_emp` VALUES ('3622', 'fc100618', 'M', 'fc100618@xl.com', '1');
INSERT INTO `tbl_emp` VALUES ('3623', '9caf8619', 'M', '9caf8619@xl.com', '1');
INSERT INTO `tbl_emp` VALUES ('3624', '2d72e620', 'M', '2d72e620@xl.com', '1');
INSERT INTO `tbl_emp` VALUES ('3625', 'c08d0621', 'M', 'c08d0621@xl.com', '1');
INSERT INTO `tbl_emp` VALUES ('3626', '7f8ff622', 'M', '7f8ff622@xl.com', '1');
INSERT INTO `tbl_emp` VALUES ('3627', 'bf68c623', 'M', 'bf68c623@xl.com', '1');
INSERT INTO `tbl_emp` VALUES ('3628', '6ce21624', 'M', '6ce21624@xl.com', '1');
INSERT INTO `tbl_emp` VALUES ('3629', '5d596625', 'M', '5d596625@xl.com', '1');
INSERT INTO `tbl_emp` VALUES ('3630', '9822c626', 'M', '9822c626@xl.com', '1');
INSERT INTO `tbl_emp` VALUES ('3631', '6810e627', 'M', '6810e627@xl.com', '1');
INSERT INTO `tbl_emp` VALUES ('3632', 'fb61c628', 'M', 'fb61c628@xl.com', '1');
INSERT INTO `tbl_emp` VALUES ('3633', 'fa5a9629', 'M', 'fa5a9629@xl.com', '1');
INSERT INTO `tbl_emp` VALUES ('3634', '20456630', 'M', '20456630@xl.com', '1');
INSERT INTO `tbl_emp` VALUES ('3635', '08f27631', 'M', '08f27631@xl.com', '1');
INSERT INTO `tbl_emp` VALUES ('3636', '50d41632', 'M', '50d41632@xl.com', '1');
INSERT INTO `tbl_emp` VALUES ('3637', '14cf7633', 'M', '14cf7633@xl.com', '1');
INSERT INTO `tbl_emp` VALUES ('3638', '8dd65634', 'M', '8dd65634@xl.com', '1');
INSERT INTO `tbl_emp` VALUES ('3639', '622be635', 'M', '622be635@xl.com', '1');
INSERT INTO `tbl_emp` VALUES ('3640', 'b8a57636', 'M', 'b8a57636@xl.com', '1');
INSERT INTO `tbl_emp` VALUES ('3641', 'bc777637', 'M', 'bc777637@xl.com', '1');
INSERT INTO `tbl_emp` VALUES ('3642', '185fb638', 'M', '185fb638@xl.com', '1');
INSERT INTO `tbl_emp` VALUES ('3643', '891fc639', 'M', '891fc639@xl.com', '1');
INSERT INTO `tbl_emp` VALUES ('3644', 'a2e35640', 'M', 'a2e35640@xl.com', '1');
INSERT INTO `tbl_emp` VALUES ('3645', 'f375a641', 'M', 'f375a641@xl.com', '1');
INSERT INTO `tbl_emp` VALUES ('3646', '47327642', 'M', '47327642@xl.com', '1');
INSERT INTO `tbl_emp` VALUES ('3647', 'd7537643', 'M', 'd7537643@xl.com', '1');
INSERT INTO `tbl_emp` VALUES ('3648', 'efa14644', 'M', 'efa14644@xl.com', '1');
INSERT INTO `tbl_emp` VALUES ('3649', '69e81645', 'M', '69e81645@xl.com', '1');
INSERT INTO `tbl_emp` VALUES ('3650', '453f7646', 'M', '453f7646@xl.com', '1');
INSERT INTO `tbl_emp` VALUES ('3651', 'a9b9d647', 'M', 'a9b9d647@xl.com', '1');
INSERT INTO `tbl_emp` VALUES ('3652', '2a8d2648', 'M', '2a8d2648@xl.com', '1');
INSERT INTO `tbl_emp` VALUES ('3653', 'e3039649', 'M', 'e3039649@xl.com', '1');
INSERT INTO `tbl_emp` VALUES ('3654', '42f6a650', 'M', '42f6a650@xl.com', '1');
INSERT INTO `tbl_emp` VALUES ('3655', '2d7d5651', 'M', '2d7d5651@xl.com', '1');
INSERT INTO `tbl_emp` VALUES ('3656', 'c634e652', 'M', 'c634e652@xl.com', '1');
INSERT INTO `tbl_emp` VALUES ('3657', 'b2d36653', 'M', 'b2d36653@xl.com', '1');
INSERT INTO `tbl_emp` VALUES ('3658', '8b07b654', 'M', '8b07b654@xl.com', '1');
INSERT INTO `tbl_emp` VALUES ('3659', '67552655', 'M', '67552655@xl.com', '1');
INSERT INTO `tbl_emp` VALUES ('3660', '31570656', 'M', '31570656@xl.com', '1');
INSERT INTO `tbl_emp` VALUES ('3661', 'd8460657', 'M', 'd8460657@xl.com', '1');
INSERT INTO `tbl_emp` VALUES ('3662', 'e912c658', 'M', 'e912c658@xl.com', '1');
INSERT INTO `tbl_emp` VALUES ('3663', '1cead659', 'M', '1cead659@xl.com', '1');
INSERT INTO `tbl_emp` VALUES ('3664', '4388f660', 'M', '4388f660@xl.com', '1');
INSERT INTO `tbl_emp` VALUES ('3665', 'c120f661', 'M', 'c120f661@xl.com', '1');
INSERT INTO `tbl_emp` VALUES ('3666', 'a1919662', 'M', 'a1919662@xl.com', '1');
INSERT INTO `tbl_emp` VALUES ('3667', 'e97fb663', 'M', 'e97fb663@xl.com', '1');
INSERT INTO `tbl_emp` VALUES ('3668', '0c21c664', 'M', '0c21c664@xl.com', '1');
INSERT INTO `tbl_emp` VALUES ('3669', 'ca956665', 'M', 'ca956665@xl.com', '1');
INSERT INTO `tbl_emp` VALUES ('3670', 'db1d1666', 'M', 'db1d1666@xl.com', '1');
INSERT INTO `tbl_emp` VALUES ('3671', '5c993667', 'M', '5c993667@xl.com', '1');
INSERT INTO `tbl_emp` VALUES ('3672', 'edebf668', 'M', 'edebf668@xl.com', '1');
INSERT INTO `tbl_emp` VALUES ('3673', '31754669', 'M', '31754669@xl.com', '1');
INSERT INTO `tbl_emp` VALUES ('3674', 'dd7ac670', 'M', 'dd7ac670@xl.com', '1');
INSERT INTO `tbl_emp` VALUES ('3675', 'ef9c7671', 'M', 'ef9c7671@xl.com', '1');
INSERT INTO `tbl_emp` VALUES ('3676', 'e1d80672', 'M', 'e1d80672@xl.com', '1');
INSERT INTO `tbl_emp` VALUES ('3677', '62eea673', 'M', '62eea673@xl.com', '1');
INSERT INTO `tbl_emp` VALUES ('3678', 'a2cfb674', 'M', 'a2cfb674@xl.com', '1');
INSERT INTO `tbl_emp` VALUES ('3679', '194e9675', 'M', '194e9675@xl.com', '1');
INSERT INTO `tbl_emp` VALUES ('3680', 'a6c15676', 'M', 'a6c15676@xl.com', '1');
INSERT INTO `tbl_emp` VALUES ('3681', '43f7f677', 'M', '43f7f677@xl.com', '1');
INSERT INTO `tbl_emp` VALUES ('3682', 'ab95d678', 'M', 'ab95d678@xl.com', '1');
INSERT INTO `tbl_emp` VALUES ('3683', '1665f679', 'M', '1665f679@xl.com', '1');
INSERT INTO `tbl_emp` VALUES ('3684', '909d4680', 'M', '909d4680@xl.com', '1');
INSERT INTO `tbl_emp` VALUES ('3685', '98863681', 'M', '98863681@xl.com', '1');
INSERT INTO `tbl_emp` VALUES ('3686', 'fa0ce682', 'M', 'fa0ce682@xl.com', '1');
INSERT INTO `tbl_emp` VALUES ('3687', '5388a683', 'M', '5388a683@xl.com', '1');
INSERT INTO `tbl_emp` VALUES ('3688', '267bf684', 'M', '267bf684@xl.com', '1');
INSERT INTO `tbl_emp` VALUES ('3689', 'bb54d685', 'M', 'bb54d685@xl.com', '1');
INSERT INTO `tbl_emp` VALUES ('3690', '641f4686', 'M', '641f4686@xl.com', '1');
INSERT INTO `tbl_emp` VALUES ('3691', 'd0d78687', 'M', 'd0d78687@xl.com', '1');
INSERT INTO `tbl_emp` VALUES ('3692', 'c90d7688', 'M', 'c90d7688@xl.com', '1');
INSERT INTO `tbl_emp` VALUES ('3693', '2b2db689', 'M', '2b2db689@xl.com', '1');
INSERT INTO `tbl_emp` VALUES ('3694', '218aa690', 'M', '218aa690@xl.com', '1');
INSERT INTO `tbl_emp` VALUES ('3695', '7fae3691', 'M', '7fae3691@xl.com', '1');
INSERT INTO `tbl_emp` VALUES ('3696', '566c2692', 'M', '566c2692@xl.com', '1');
INSERT INTO `tbl_emp` VALUES ('3697', '6fb77693', 'M', '6fb77693@xl.com', '1');
INSERT INTO `tbl_emp` VALUES ('3698', '65110694', 'M', '65110694@xl.com', '1');
INSERT INTO `tbl_emp` VALUES ('3699', '07dd3695', 'M', '07dd3695@xl.com', '1');
INSERT INTO `tbl_emp` VALUES ('3700', 'fcece696', 'M', 'fcece696@xl.com', '1');
INSERT INTO `tbl_emp` VALUES ('3701', 'cddac697', 'M', 'cddac697@xl.com', '1');
INSERT INTO `tbl_emp` VALUES ('3702', 'c5876698', 'M', 'c5876698@xl.com', '1');
INSERT INTO `tbl_emp` VALUES ('3703', 'd0945699', 'M', 'd0945699@xl.com', '1');
INSERT INTO `tbl_emp` VALUES ('3704', '7f94d700', 'M', '7f94d700@xl.com', '1');
INSERT INTO `tbl_emp` VALUES ('3705', 'bfa34701', 'M', 'bfa34701@xl.com', '1');
INSERT INTO `tbl_emp` VALUES ('3706', 'cdb0e702', 'M', 'cdb0e702@xl.com', '1');
INSERT INTO `tbl_emp` VALUES ('3707', '74ff2703', 'M', '74ff2703@xl.com', '1');
INSERT INTO `tbl_emp` VALUES ('3708', 'e1f0a704', 'M', 'e1f0a704@xl.com', '1');
INSERT INTO `tbl_emp` VALUES ('3709', '4f3c8705', 'M', '4f3c8705@xl.com', '1');
INSERT INTO `tbl_emp` VALUES ('3710', '4cf26706', 'M', '4cf26706@xl.com', '1');
INSERT INTO `tbl_emp` VALUES ('3711', '73e3b707', 'M', '73e3b707@xl.com', '1');
INSERT INTO `tbl_emp` VALUES ('3712', 'b154d708', 'M', 'b154d708@xl.com', '1');
INSERT INTO `tbl_emp` VALUES ('3713', '0c2a2709', 'M', '0c2a2709@xl.com', '1');
INSERT INTO `tbl_emp` VALUES ('3714', '50996710', 'M', '50996710@xl.com', '1');
INSERT INTO `tbl_emp` VALUES ('3715', '3955f711', 'M', '3955f711@xl.com', '1');
INSERT INTO `tbl_emp` VALUES ('3716', 'db85a712', 'M', 'db85a712@xl.com', '1');
INSERT INTO `tbl_emp` VALUES ('3717', 'abc99713', 'M', 'abc99713@xl.com', '1');
INSERT INTO `tbl_emp` VALUES ('3718', '66b37714', 'M', '66b37714@xl.com', '1');
INSERT INTO `tbl_emp` VALUES ('3719', '220f7715', 'M', '220f7715@xl.com', '1');
INSERT INTO `tbl_emp` VALUES ('3720', 'bb87f716', 'M', 'bb87f716@xl.com', '1');
INSERT INTO `tbl_emp` VALUES ('3721', 'd8eea717', 'M', 'd8eea717@xl.com', '1');
INSERT INTO `tbl_emp` VALUES ('3722', 'b1541718', 'M', 'b1541718@xl.com', '1');
INSERT INTO `tbl_emp` VALUES ('3723', '6d70c719', 'M', '6d70c719@xl.com', '1');
INSERT INTO `tbl_emp` VALUES ('3724', 'dd402720', 'M', 'dd402720@xl.com', '1');
INSERT INTO `tbl_emp` VALUES ('3725', '9a9ba721', 'M', '9a9ba721@xl.com', '1');
INSERT INTO `tbl_emp` VALUES ('3726', 'fac50722', 'M', 'fac50722@xl.com', '1');
INSERT INTO `tbl_emp` VALUES ('3727', '1e5f8723', 'M', '1e5f8723@xl.com', '1');
INSERT INTO `tbl_emp` VALUES ('3728', 'a9877724', 'M', 'a9877724@xl.com', '1');
INSERT INTO `tbl_emp` VALUES ('3729', '54191725', 'M', '54191725@xl.com', '1');
INSERT INTO `tbl_emp` VALUES ('3730', '6aa72726', 'M', '6aa72726@xl.com', '1');
INSERT INTO `tbl_emp` VALUES ('3731', '63fc6727', 'M', '63fc6727@xl.com', '1');
INSERT INTO `tbl_emp` VALUES ('3732', '57130728', 'M', '57130728@xl.com', '1');
INSERT INTO `tbl_emp` VALUES ('3733', 'c31fe729', 'M', 'c31fe729@xl.com', '1');
INSERT INTO `tbl_emp` VALUES ('3734', 'b249a730', 'M', 'b249a730@xl.com', '1');
INSERT INTO `tbl_emp` VALUES ('3735', '94975731', 'M', '94975731@xl.com', '1');
INSERT INTO `tbl_emp` VALUES ('3736', '6267d732', 'M', '6267d732@xl.com', '1');
INSERT INTO `tbl_emp` VALUES ('3737', 'e1d66733', 'M', 'e1d66733@xl.com', '1');
INSERT INTO `tbl_emp` VALUES ('3738', 'c2bc1734', 'M', 'c2bc1734@xl.com', '1');
INSERT INTO `tbl_emp` VALUES ('3739', '60ea8735', 'M', '60ea8735@xl.com', '1');
INSERT INTO `tbl_emp` VALUES ('3740', 'ba7a1736', 'M', 'ba7a1736@xl.com', '1');
INSERT INTO `tbl_emp` VALUES ('3741', '6dbc5737', 'M', '6dbc5737@xl.com', '1');
INSERT INTO `tbl_emp` VALUES ('3742', 'b5996738', 'M', 'b5996738@xl.com', '1');
INSERT INTO `tbl_emp` VALUES ('3743', '1c9d1739', 'M', '1c9d1739@xl.com', '1');
INSERT INTO `tbl_emp` VALUES ('3744', '9f845740', 'M', '9f845740@xl.com', '1');
INSERT INTO `tbl_emp` VALUES ('3745', '2c798741', 'M', '2c798741@xl.com', '1');
INSERT INTO `tbl_emp` VALUES ('3746', '01dec742', 'M', '01dec742@xl.com', '1');
INSERT INTO `tbl_emp` VALUES ('3747', '3547b743', 'M', '3547b743@xl.com', '1');
INSERT INTO `tbl_emp` VALUES ('3748', '1a8d1744', 'M', '1a8d1744@xl.com', '1');
INSERT INTO `tbl_emp` VALUES ('3749', '7b37b745', 'M', '7b37b745@xl.com', '1');
INSERT INTO `tbl_emp` VALUES ('3750', '44ccf746', 'M', '44ccf746@xl.com', '1');
INSERT INTO `tbl_emp` VALUES ('3751', '88b04747', 'M', '88b04747@xl.com', '1');
INSERT INTO `tbl_emp` VALUES ('3752', '2da97748', 'M', '2da97748@xl.com', '1');
INSERT INTO `tbl_emp` VALUES ('3753', '507d1749', 'M', '507d1749@xl.com', '1');
INSERT INTO `tbl_emp` VALUES ('3754', '38e27750', 'M', '38e27750@xl.com', '1');
INSERT INTO `tbl_emp` VALUES ('3755', 'c4581751', 'M', 'c4581751@xl.com', '1');
INSERT INTO `tbl_emp` VALUES ('3756', 'ad7ad752', 'M', 'ad7ad752@xl.com', '1');
INSERT INTO `tbl_emp` VALUES ('3757', 'ee7ea753', 'M', 'ee7ea753@xl.com', '1');
INSERT INTO `tbl_emp` VALUES ('3758', 'ceaf0754', 'M', 'ceaf0754@xl.com', '1');
INSERT INTO `tbl_emp` VALUES ('3759', '1949b755', 'M', '1949b755@xl.com', '1');
INSERT INTO `tbl_emp` VALUES ('3760', '6915b756', 'M', '6915b756@xl.com', '1');
INSERT INTO `tbl_emp` VALUES ('3761', '21009757', 'M', '21009757@xl.com', '1');
INSERT INTO `tbl_emp` VALUES ('3762', '4b96f758', 'M', '4b96f758@xl.com', '1');
INSERT INTO `tbl_emp` VALUES ('3763', '509d0759', 'M', '509d0759@xl.com', '1');
INSERT INTO `tbl_emp` VALUES ('3764', '67694760', 'M', '67694760@xl.com', '1');
INSERT INTO `tbl_emp` VALUES ('3765', '2ed6a761', 'M', '2ed6a761@xl.com', '1');
INSERT INTO `tbl_emp` VALUES ('3766', '6a7d9762', 'M', '6a7d9762@xl.com', '1');
INSERT INTO `tbl_emp` VALUES ('3767', 'a660e763', 'M', 'a660e763@xl.com', '1');
INSERT INTO `tbl_emp` VALUES ('3768', '3a498764', 'M', '3a498764@xl.com', '1');
INSERT INTO `tbl_emp` VALUES ('3769', '00307765', 'M', '00307765@xl.com', '1');
INSERT INTO `tbl_emp` VALUES ('3770', 'eb369766', 'M', 'eb369766@xl.com', '1');
INSERT INTO `tbl_emp` VALUES ('3771', '030e7767', 'M', '030e7767@xl.com', '1');
INSERT INTO `tbl_emp` VALUES ('3772', 'ba85a768', 'M', 'ba85a768@xl.com', '1');
INSERT INTO `tbl_emp` VALUES ('3773', '7e87b769', 'M', '7e87b769@xl.com', '1');
INSERT INTO `tbl_emp` VALUES ('3774', '675ae770', 'M', '675ae770@xl.com', '1');
INSERT INTO `tbl_emp` VALUES ('3775', '92f7c771', 'M', '92f7c771@xl.com', '1');
INSERT INTO `tbl_emp` VALUES ('3776', 'f4451772', 'M', 'f4451772@xl.com', '1');
INSERT INTO `tbl_emp` VALUES ('3777', '96e29773', 'M', '96e29773@xl.com', '1');
INSERT INTO `tbl_emp` VALUES ('3778', '0e9b6774', 'M', '0e9b6774@xl.com', '1');
INSERT INTO `tbl_emp` VALUES ('3779', 'b2d08775', 'M', 'b2d08775@xl.com', '1');
INSERT INTO `tbl_emp` VALUES ('3780', 'd44c7776', 'M', 'd44c7776@xl.com', '1');
INSERT INTO `tbl_emp` VALUES ('3781', 'fb6b1777', 'M', 'fb6b1777@xl.com', '1');
INSERT INTO `tbl_emp` VALUES ('3782', 'd447d778', 'M', 'd447d778@xl.com', '1');
INSERT INTO `tbl_emp` VALUES ('3783', 'cbb85779', 'M', 'cbb85779@xl.com', '1');
INSERT INTO `tbl_emp` VALUES ('3784', '7391e780', 'M', '7391e780@xl.com', '1');
INSERT INTO `tbl_emp` VALUES ('3785', '69ae4781', 'M', '69ae4781@xl.com', '1');
INSERT INTO `tbl_emp` VALUES ('3786', '668f5782', 'M', '668f5782@xl.com', '1');
INSERT INTO `tbl_emp` VALUES ('3787', '8d8cb783', 'M', '8d8cb783@xl.com', '1');
INSERT INTO `tbl_emp` VALUES ('3788', 'd46ae784', 'M', 'd46ae784@xl.com', '1');
INSERT INTO `tbl_emp` VALUES ('3789', '55c4b785', 'M', '55c4b785@xl.com', '1');
INSERT INTO `tbl_emp` VALUES ('3790', '56c64786', 'M', '56c64786@xl.com', '1');
INSERT INTO `tbl_emp` VALUES ('3791', '6763a787', 'M', '6763a787@xl.com', '1');
INSERT INTO `tbl_emp` VALUES ('3792', '79da9788', 'M', '79da9788@xl.com', '1');
INSERT INTO `tbl_emp` VALUES ('3793', '2319c789', 'M', '2319c789@xl.com', '1');
INSERT INTO `tbl_emp` VALUES ('3794', '32c00790', 'M', '32c00790@xl.com', '1');
INSERT INTO `tbl_emp` VALUES ('3795', '18500791', 'M', '18500791@xl.com', '1');
INSERT INTO `tbl_emp` VALUES ('3796', 'd1569792', 'M', 'd1569792@xl.com', '1');
INSERT INTO `tbl_emp` VALUES ('3797', 'd14dc793', 'M', 'd14dc793@xl.com', '1');
INSERT INTO `tbl_emp` VALUES ('3798', 'a5c28794', 'M', 'a5c28794@xl.com', '1');
INSERT INTO `tbl_emp` VALUES ('3799', '4455d795', 'M', '4455d795@xl.com', '1');
INSERT INTO `tbl_emp` VALUES ('3800', 'ae57a796', 'M', 'ae57a796@xl.com', '1');
INSERT INTO `tbl_emp` VALUES ('3801', '2907e797', 'M', '2907e797@xl.com', '1');
INSERT INTO `tbl_emp` VALUES ('3802', '2e165798', 'M', '2e165798@xl.com', '1');
INSERT INTO `tbl_emp` VALUES ('3803', '888d6799', 'M', '888d6799@xl.com', '1');
INSERT INTO `tbl_emp` VALUES ('3804', 'e2c16800', 'M', 'e2c16800@xl.com', '1');
INSERT INTO `tbl_emp` VALUES ('3805', 'c4c78801', 'M', 'c4c78801@xl.com', '1');
INSERT INTO `tbl_emp` VALUES ('3806', 'f00a9802', 'M', 'f00a9802@xl.com', '1');
INSERT INTO `tbl_emp` VALUES ('3807', '48c57803', 'M', '48c57803@xl.com', '1');
INSERT INTO `tbl_emp` VALUES ('3808', 'a5595804', 'M', 'a5595804@xl.com', '1');
INSERT INTO `tbl_emp` VALUES ('3809', '17545805', 'M', '17545805@xl.com', '1');
INSERT INTO `tbl_emp` VALUES ('3810', '9b36d806', 'M', '9b36d806@xl.com', '1');
INSERT INTO `tbl_emp` VALUES ('3811', 'dc2e4807', 'M', 'dc2e4807@xl.com', '1');
INSERT INTO `tbl_emp` VALUES ('3812', '58d6e808', 'M', '58d6e808@xl.com', '1');
INSERT INTO `tbl_emp` VALUES ('3813', '447e8809', 'M', '447e8809@xl.com', '1');
INSERT INTO `tbl_emp` VALUES ('3814', 'c3bd4810', 'M', 'c3bd4810@xl.com', '1');
INSERT INTO `tbl_emp` VALUES ('3815', '2824c811', 'M', '2824c811@xl.com', '1');
INSERT INTO `tbl_emp` VALUES ('3816', '78824812', 'M', '78824812@xl.com', '1');
INSERT INTO `tbl_emp` VALUES ('3817', 'ad256813', 'M', 'ad256813@xl.com', '1');
INSERT INTO `tbl_emp` VALUES ('3818', '35b7e814', 'M', '35b7e814@xl.com', '1');
INSERT INTO `tbl_emp` VALUES ('3819', 'f69ad815', 'M', 'f69ad815@xl.com', '1');
INSERT INTO `tbl_emp` VALUES ('3820', '05e19816', 'M', '05e19816@xl.com', '1');
INSERT INTO `tbl_emp` VALUES ('3821', 'b24a9817', 'M', 'b24a9817@xl.com', '1');
INSERT INTO `tbl_emp` VALUES ('3822', 'c78c4818', 'M', 'c78c4818@xl.com', '1');
INSERT INTO `tbl_emp` VALUES ('3823', 'cc618819', 'M', 'cc618819@xl.com', '1');
INSERT INTO `tbl_emp` VALUES ('3824', '0ceb2820', 'M', '0ceb2820@xl.com', '1');
INSERT INTO `tbl_emp` VALUES ('3825', '77cd2821', 'M', '77cd2821@xl.com', '1');
INSERT INTO `tbl_emp` VALUES ('3826', 'cbf7c822', 'M', 'cbf7c822@xl.com', '1');
INSERT INTO `tbl_emp` VALUES ('3827', '15b5e823', 'M', '15b5e823@xl.com', '1');
INSERT INTO `tbl_emp` VALUES ('3828', 'ca014824', 'M', 'ca014824@xl.com', '1');
INSERT INTO `tbl_emp` VALUES ('3829', 'dc331825', 'M', 'dc331825@xl.com', '1');
INSERT INTO `tbl_emp` VALUES ('3830', 'dfc52826', 'M', 'dfc52826@xl.com', '1');
INSERT INTO `tbl_emp` VALUES ('3831', '97ca4827', 'M', '97ca4827@xl.com', '1');
INSERT INTO `tbl_emp` VALUES ('3832', 'ba8a9828', 'M', 'ba8a9828@xl.com', '1');
INSERT INTO `tbl_emp` VALUES ('3833', '923f7829', 'M', '923f7829@xl.com', '1');
INSERT INTO `tbl_emp` VALUES ('3834', '49ac4830', 'M', '49ac4830@xl.com', '1');
INSERT INTO `tbl_emp` VALUES ('3835', '48c06831', 'M', '48c06831@xl.com', '1');
INSERT INTO `tbl_emp` VALUES ('3836', '8fdc3832', 'M', '8fdc3832@xl.com', '1');
INSERT INTO `tbl_emp` VALUES ('3837', '1c492833', 'M', '1c492833@xl.com', '1');
INSERT INTO `tbl_emp` VALUES ('3838', 'bed74834', 'M', 'bed74834@xl.com', '1');
INSERT INTO `tbl_emp` VALUES ('3839', 'ba43c835', 'M', 'ba43c835@xl.com', '1');
INSERT INTO `tbl_emp` VALUES ('3840', 'aab20836', 'M', 'aab20836@xl.com', '1');
INSERT INTO `tbl_emp` VALUES ('3841', '8987e837', 'M', '8987e837@xl.com', '1');
INSERT INTO `tbl_emp` VALUES ('3842', 'dc996838', 'M', 'dc996838@xl.com', '1');
INSERT INTO `tbl_emp` VALUES ('3843', '418fc839', 'M', '418fc839@xl.com', '1');
INSERT INTO `tbl_emp` VALUES ('3844', '5bdef840', 'M', '5bdef840@xl.com', '1');
INSERT INTO `tbl_emp` VALUES ('3845', '58189841', 'M', '58189841@xl.com', '1');
INSERT INTO `tbl_emp` VALUES ('3846', '1a016842', 'M', '1a016842@xl.com', '1');
INSERT INTO `tbl_emp` VALUES ('3847', '69144843', 'M', '69144843@xl.com', '1');
INSERT INTO `tbl_emp` VALUES ('3848', '9c6ed844', 'M', '9c6ed844@xl.com', '1');
INSERT INTO `tbl_emp` VALUES ('3849', 'de143845', 'M', 'de143845@xl.com', '1');
INSERT INTO `tbl_emp` VALUES ('3850', '85af6846', 'M', '85af6846@xl.com', '1');
INSERT INTO `tbl_emp` VALUES ('3851', 'dfd50847', 'M', 'dfd50847@xl.com', '1');
INSERT INTO `tbl_emp` VALUES ('3852', '6b086848', 'M', '6b086848@xl.com', '1');
INSERT INTO `tbl_emp` VALUES ('3853', 'bdc7c849', 'M', 'bdc7c849@xl.com', '1');
INSERT INTO `tbl_emp` VALUES ('3854', '5ce13850', 'M', '5ce13850@xl.com', '1');
INSERT INTO `tbl_emp` VALUES ('3855', '060a0851', 'M', '060a0851@xl.com', '1');
INSERT INTO `tbl_emp` VALUES ('3856', '2875c852', 'M', '2875c852@xl.com', '1');
INSERT INTO `tbl_emp` VALUES ('3857', 'e0735853', 'M', 'e0735853@xl.com', '1');
INSERT INTO `tbl_emp` VALUES ('3858', '97df3854', 'M', '97df3854@xl.com', '1');
INSERT INTO `tbl_emp` VALUES ('3859', '88571855', 'M', '88571855@xl.com', '1');
INSERT INTO `tbl_emp` VALUES ('3860', '216a2856', 'M', '216a2856@xl.com', '1');
INSERT INTO `tbl_emp` VALUES ('3861', '35271857', 'M', '35271857@xl.com', '1');
INSERT INTO `tbl_emp` VALUES ('3862', '599e7858', 'M', '599e7858@xl.com', '1');
INSERT INTO `tbl_emp` VALUES ('3863', 'a1bde859', 'M', 'a1bde859@xl.com', '1');
INSERT INTO `tbl_emp` VALUES ('3864', '43766860', 'M', '43766860@xl.com', '1');
INSERT INTO `tbl_emp` VALUES ('3865', 'e8833861', 'M', 'e8833861@xl.com', '1');
INSERT INTO `tbl_emp` VALUES ('3866', '15b25862', 'M', '15b25862@xl.com', '1');
INSERT INTO `tbl_emp` VALUES ('3867', '67529863', 'M', '67529863@xl.com', '1');
INSERT INTO `tbl_emp` VALUES ('3868', 'd3f07864', 'M', 'd3f07864@xl.com', '1');
INSERT INTO `tbl_emp` VALUES ('3869', '44364865', 'M', '44364865@xl.com', '1');
INSERT INTO `tbl_emp` VALUES ('3870', '33355866', 'M', '33355866@xl.com', '1');
INSERT INTO `tbl_emp` VALUES ('3871', '8a00b867', 'M', '8a00b867@xl.com', '1');
INSERT INTO `tbl_emp` VALUES ('3872', '387bc868', 'M', '387bc868@xl.com', '1');
INSERT INTO `tbl_emp` VALUES ('3873', '80203869', 'M', '80203869@xl.com', '1');
INSERT INTO `tbl_emp` VALUES ('3874', '931a8870', 'M', '931a8870@xl.com', '1');
INSERT INTO `tbl_emp` VALUES ('3875', 'ecad0871', 'M', 'ecad0871@xl.com', '1');
INSERT INTO `tbl_emp` VALUES ('3876', '6b08d872', 'M', '6b08d872@xl.com', '1');
INSERT INTO `tbl_emp` VALUES ('3877', '4486a873', 'M', '4486a873@xl.com', '1');
INSERT INTO `tbl_emp` VALUES ('3878', '5401d874', 'M', '5401d874@xl.com', '1');
INSERT INTO `tbl_emp` VALUES ('3879', '7e2db875', 'M', '7e2db875@xl.com', '1');
INSERT INTO `tbl_emp` VALUES ('3880', 'c739a876', 'M', 'c739a876@xl.com', '1');
INSERT INTO `tbl_emp` VALUES ('3881', '32fa5877', 'M', '32fa5877@xl.com', '1');
INSERT INTO `tbl_emp` VALUES ('3882', '27e87878', 'M', '27e87878@xl.com', '1');
INSERT INTO `tbl_emp` VALUES ('3883', '8ead3879', 'M', '8ead3879@xl.com', '1');
INSERT INTO `tbl_emp` VALUES ('3884', 'bb755880', 'M', 'bb755880@xl.com', '1');
INSERT INTO `tbl_emp` VALUES ('3885', 'c8813881', 'M', 'c8813881@xl.com', '1');
INSERT INTO `tbl_emp` VALUES ('3886', 'a9a01882', 'M', 'a9a01882@xl.com', '1');
INSERT INTO `tbl_emp` VALUES ('3887', '878e1883', 'M', '878e1883@xl.com', '1');
INSERT INTO `tbl_emp` VALUES ('3888', '255ef884', 'M', '255ef884@xl.com', '1');
INSERT INTO `tbl_emp` VALUES ('3889', '79d21885', 'M', '79d21885@xl.com', '1');
INSERT INTO `tbl_emp` VALUES ('3890', 'f389d886', 'M', 'f389d886@xl.com', '1');
INSERT INTO `tbl_emp` VALUES ('3891', 'ad4a5887', 'M', 'ad4a5887@xl.com', '1');
INSERT INTO `tbl_emp` VALUES ('3892', 'bd87a888', 'M', 'bd87a888@xl.com', '1');
INSERT INTO `tbl_emp` VALUES ('3893', '9f2a0889', 'M', '9f2a0889@xl.com', '1');
INSERT INTO `tbl_emp` VALUES ('3894', 'e290c890', 'M', 'e290c890@xl.com', '1');
INSERT INTO `tbl_emp` VALUES ('3895', 'ba1cc891', 'M', 'ba1cc891@xl.com', '1');
INSERT INTO `tbl_emp` VALUES ('3896', '785fd892', 'M', '785fd892@xl.com', '1');
INSERT INTO `tbl_emp` VALUES ('3897', 'c9faf893', 'M', 'c9faf893@xl.com', '1');
INSERT INTO `tbl_emp` VALUES ('3898', '30e3e894', 'M', '30e3e894@xl.com', '1');
INSERT INTO `tbl_emp` VALUES ('3899', '49c30895', 'M', '49c30895@xl.com', '1');
INSERT INTO `tbl_emp` VALUES ('3900', 'e7b50896', 'M', 'e7b50896@xl.com', '1');
INSERT INTO `tbl_emp` VALUES ('3901', 'e4c4b897', 'M', 'e4c4b897@xl.com', '1');
INSERT INTO `tbl_emp` VALUES ('3902', '9edc2898', 'M', '9edc2898@xl.com', '1');
INSERT INTO `tbl_emp` VALUES ('3903', 'a63f4899', 'M', 'a63f4899@xl.com', '1');
INSERT INTO `tbl_emp` VALUES ('3904', '96ce3900', 'M', '96ce3900@xl.com', '1');
INSERT INTO `tbl_emp` VALUES ('3905', '8e192901', 'M', '8e192901@xl.com', '1');
INSERT INTO `tbl_emp` VALUES ('3906', '082f7902', 'M', '082f7902@xl.com', '1');
INSERT INTO `tbl_emp` VALUES ('3907', 'c967e903', 'M', 'c967e903@xl.com', '1');
INSERT INTO `tbl_emp` VALUES ('3908', 'bfad2904', 'M', 'bfad2904@xl.com', '1');
INSERT INTO `tbl_emp` VALUES ('3909', '5d3b8905', 'M', '5d3b8905@xl.com', '1');
INSERT INTO `tbl_emp` VALUES ('3910', '54a37906', 'M', '54a37906@xl.com', '1');
INSERT INTO `tbl_emp` VALUES ('3911', '5989a907', 'M', '5989a907@xl.com', '1');
INSERT INTO `tbl_emp` VALUES ('3912', 'a2e98908', 'M', 'a2e98908@xl.com', '1');
INSERT INTO `tbl_emp` VALUES ('3913', 'a0a56909', 'M', 'a0a56909@xl.com', '1');
INSERT INTO `tbl_emp` VALUES ('3914', 'e7c01910', 'M', 'e7c01910@xl.com', '1');
INSERT INTO `tbl_emp` VALUES ('3915', 'a673a911', 'M', 'a673a911@xl.com', '1');
INSERT INTO `tbl_emp` VALUES ('3916', 'fa5fb912', 'M', 'fa5fb912@xl.com', '1');
INSERT INTO `tbl_emp` VALUES ('3917', '0424e913', 'M', '0424e913@xl.com', '1');
INSERT INTO `tbl_emp` VALUES ('3918', '560fd914', 'M', '560fd914@xl.com', '1');
INSERT INTO `tbl_emp` VALUES ('3919', '30d00915', 'M', '30d00915@xl.com', '1');
INSERT INTO `tbl_emp` VALUES ('3920', '93e63916', 'M', '93e63916@xl.com', '1');
INSERT INTO `tbl_emp` VALUES ('3921', '5378c917', 'M', '5378c917@xl.com', '1');
INSERT INTO `tbl_emp` VALUES ('3922', '55f23918', 'M', '55f23918@xl.com', '1');
INSERT INTO `tbl_emp` VALUES ('3923', '11066919', 'M', '11066919@xl.com', '1');
INSERT INTO `tbl_emp` VALUES ('3924', '08fed920', 'M', '08fed920@xl.com', '1');
INSERT INTO `tbl_emp` VALUES ('3925', '5d0c2921', 'M', '5d0c2921@xl.com', '1');
INSERT INTO `tbl_emp` VALUES ('3926', '2110b922', 'M', '2110b922@xl.com', '1');
INSERT INTO `tbl_emp` VALUES ('3927', '20dd2923', 'M', '20dd2923@xl.com', '1');
INSERT INTO `tbl_emp` VALUES ('3928', '28888924', 'M', '28888924@xl.com', '1');
INSERT INTO `tbl_emp` VALUES ('3929', '2033c925', 'M', '2033c925@xl.com', '1');
INSERT INTO `tbl_emp` VALUES ('3930', '69768926', 'M', '69768926@xl.com', '1');
INSERT INTO `tbl_emp` VALUES ('3931', 'cc65a927', 'M', 'cc65a927@xl.com', '1');
INSERT INTO `tbl_emp` VALUES ('3932', 'bbda3928', 'M', 'bbda3928@xl.com', '1');
INSERT INTO `tbl_emp` VALUES ('3933', 'a2cbd929', 'M', 'a2cbd929@xl.com', '1');
INSERT INTO `tbl_emp` VALUES ('3934', 'dc464930', 'M', 'dc464930@xl.com', '1');
INSERT INTO `tbl_emp` VALUES ('3935', '268a3931', 'M', '268a3931@xl.com', '1');
INSERT INTO `tbl_emp` VALUES ('3936', '5b986932', 'M', '5b986932@xl.com', '1');
INSERT INTO `tbl_emp` VALUES ('3937', '51515933', 'M', '51515933@xl.com', '1');
INSERT INTO `tbl_emp` VALUES ('3938', 'c9318934', 'M', 'c9318934@xl.com', '1');
INSERT INTO `tbl_emp` VALUES ('3939', '3ee06935', 'M', '3ee06935@xl.com', '1');
INSERT INTO `tbl_emp` VALUES ('3940', '0fc40936', 'M', '0fc40936@xl.com', '1');
INSERT INTO `tbl_emp` VALUES ('3941', 'c9942937', 'M', 'c9942937@xl.com', '1');
INSERT INTO `tbl_emp` VALUES ('3942', '92ad5938', 'M', '92ad5938@xl.com', '1');
INSERT INTO `tbl_emp` VALUES ('3943', '4f90f939', 'M', '4f90f939@xl.com', '1');
INSERT INTO `tbl_emp` VALUES ('3944', 'e23fd940', 'M', 'e23fd940@xl.com', '1');
INSERT INTO `tbl_emp` VALUES ('3945', 'fd9fe941', 'M', 'fd9fe941@xl.com', '1');
INSERT INTO `tbl_emp` VALUES ('3946', '937e9942', 'M', '937e9942@xl.com', '1');
INSERT INTO `tbl_emp` VALUES ('3947', 'a6cca943', 'M', 'a6cca943@xl.com', '1');
INSERT INTO `tbl_emp` VALUES ('3948', 'fd82a944', 'M', 'fd82a944@xl.com', '1');
INSERT INTO `tbl_emp` VALUES ('3949', 'c37a4945', 'M', 'c37a4945@xl.com', '1');
INSERT INTO `tbl_emp` VALUES ('3950', 'ed6c6946', 'M', 'ed6c6946@xl.com', '1');
INSERT INTO `tbl_emp` VALUES ('3951', 'dd240947', 'M', 'dd240947@xl.com', '1');
INSERT INTO `tbl_emp` VALUES ('3952', '69ddd948', 'M', '69ddd948@xl.com', '1');
INSERT INTO `tbl_emp` VALUES ('3953', '10f32949', 'M', '10f32949@xl.com', '1');
INSERT INTO `tbl_emp` VALUES ('3954', '1e775950', 'M', '1e775950@xl.com', '1');
INSERT INTO `tbl_emp` VALUES ('3955', '66e1c951', 'M', '66e1c951@xl.com', '1');
INSERT INTO `tbl_emp` VALUES ('3956', '4f858952', 'M', '4f858952@xl.com', '1');
INSERT INTO `tbl_emp` VALUES ('3957', '594cb953', 'M', '594cb953@xl.com', '1');
INSERT INTO `tbl_emp` VALUES ('3958', '847c4954', 'M', '847c4954@xl.com', '1');
INSERT INTO `tbl_emp` VALUES ('3959', '102db955', 'M', '102db955@xl.com', '1');
INSERT INTO `tbl_emp` VALUES ('3960', 'fb384956', 'M', 'fb384956@xl.com', '1');
INSERT INTO `tbl_emp` VALUES ('3961', 'f257a957', 'M', 'f257a957@xl.com', '1');
INSERT INTO `tbl_emp` VALUES ('3962', '03453958', 'M', '03453958@xl.com', '1');
INSERT INTO `tbl_emp` VALUES ('3963', 'f8b8e959', 'M', 'f8b8e959@xl.com', '1');
INSERT INTO `tbl_emp` VALUES ('3964', '25501960', 'M', '25501960@xl.com', '1');
INSERT INTO `tbl_emp` VALUES ('3965', '6bfe0961', 'M', '6bfe0961@xl.com', '1');
INSERT INTO `tbl_emp` VALUES ('3966', 'adffd962', 'M', 'adffd962@xl.com', '1');
INSERT INTO `tbl_emp` VALUES ('3967', 'fbb7e963', 'M', 'fbb7e963@xl.com', '1');
INSERT INTO `tbl_emp` VALUES ('3968', '30379964', 'M', '30379964@xl.com', '1');
INSERT INTO `tbl_emp` VALUES ('3969', 'e9e76965', 'M', 'e9e76965@xl.com', '1');
INSERT INTO `tbl_emp` VALUES ('3970', 'e9972966', 'M', 'e9972966@xl.com', '1');
INSERT INTO `tbl_emp` VALUES ('3971', 'd4e4a967', 'M', 'd4e4a967@xl.com', '1');
INSERT INTO `tbl_emp` VALUES ('3972', 'ed7c8968', 'M', 'ed7c8968@xl.com', '1');
INSERT INTO `tbl_emp` VALUES ('3973', 'edebd969', 'M', 'edebd969@xl.com', '1');
INSERT INTO `tbl_emp` VALUES ('3974', '47a72970', 'M', '47a72970@xl.com', '1');
INSERT INTO `tbl_emp` VALUES ('3975', '26d7c971', 'M', '26d7c971@xl.com', '1');
INSERT INTO `tbl_emp` VALUES ('3976', '84341972', 'M', '84341972@xl.com', '1');
INSERT INTO `tbl_emp` VALUES ('3977', '00e1a973', 'M', '00e1a973@xl.com', '1');
INSERT INTO `tbl_emp` VALUES ('3978', '1fd9d974', 'M', '1fd9d974@xl.com', '1');
INSERT INTO `tbl_emp` VALUES ('3979', '00b80975', 'M', '00b80975@xl.com', '1');
INSERT INTO `tbl_emp` VALUES ('3980', 'a9edf976', 'M', 'a9edf976@xl.com', '1');
INSERT INTO `tbl_emp` VALUES ('3981', 'f5473977', 'M', 'f5473977@xl.com', '1');
INSERT INTO `tbl_emp` VALUES ('3982', 'f5074978', 'M', 'f5074978@xl.com', '1');
INSERT INTO `tbl_emp` VALUES ('3983', '32936979', 'M', '32936979@xl.com', '1');
INSERT INTO `tbl_emp` VALUES ('3984', '5d9ea980', 'M', '5d9ea980@xl.com', '1');
INSERT INTO `tbl_emp` VALUES ('3985', '8bbe1981', 'M', '8bbe1981@xl.com', '1');
INSERT INTO `tbl_emp` VALUES ('3986', '6c592982', 'M', '6c592982@xl.com', '1');
INSERT INTO `tbl_emp` VALUES ('3987', 'c6fa8983', 'M', 'c6fa8983@xl.com', '1');
INSERT INTO `tbl_emp` VALUES ('3988', '4b95b984', 'M', '4b95b984@xl.com', '1');
INSERT INTO `tbl_emp` VALUES ('3989', '07a5a985', 'M', '07a5a985@xl.com', '1');
INSERT INTO `tbl_emp` VALUES ('3990', 'b2bc8986', 'M', 'b2bc8986@xl.com', '1');
INSERT INTO `tbl_emp` VALUES ('3991', '16102987', 'M', '16102987@xl.com', '1');
INSERT INTO `tbl_emp` VALUES ('3992', 'd586b988', 'M', 'd586b988@xl.com', '1');
INSERT INTO `tbl_emp` VALUES ('4000', 'be4b3996', 'M', 'be4b3996@xl.com', '1');
INSERT INTO `tbl_emp` VALUES ('4001', '72b90997', 'M', '72b90997@xl.com', '1');
INSERT INTO `tbl_emp` VALUES ('4002', '85ab1998', 'M', '85ab1998@xl.com', '1');
INSERT INTO `tbl_emp` VALUES ('4003', 'e727c999', 'M', 'e727c999@xl.com', '1');
INSERT INTO `tbl_emp` VALUES ('4004', '678', 'M', '97', '2');
INSERT INTO `tbl_emp` VALUES ('4005', '88', 'M', '8668', '1');
INSERT INTO `tbl_emp` VALUES ('4006', '88', 'M', '8668', '1');
INSERT INTO `tbl_emp` VALUES ('4007', '88', 'M', '8668', '2');
INSERT INTO `tbl_emp` VALUES ('4009', 'admin', 'F', '1574', '2');
INSERT INTO `tbl_emp` VALUES ('4010', 'admin', 'F', '1574', '1');
INSERT INTO `tbl_emp` VALUES ('4011', 'admin', 'F', '18998', '1');
INSERT INTO `tbl_emp` VALUES ('4012', 'adminhj', 'F', '18998', '1');
INSERT INTO `tbl_emp` VALUES ('4013', 'qqqqqq', 'M', 'qqq@xiangl.com', '1');
INSERT INTO `tbl_emp` VALUES ('4014', '8686778y', 'M', '566677@yuyu.com', '2');
INSERT INTO `tbl_emp` VALUES ('4015', 'æ˜¾å¡', 'M', 'hjkkjjk@qqq.com', '1');
INSERT INTO `tbl_emp` VALUES ('4017', '7687888', 'M', '56767@qq.com', '1');
INSERT INTO `tbl_emp` VALUES ('4018', 'æ˜¾å¡', 'M', 'hjkkjjk@qqq.com', '1');
INSERT INTO `tbl_emp` VALUES ('4019', 'æ˜¾å¡', 'M', 'hjkkjjk@qqq.com', '1');
INSERT INTO `tbl_emp` VALUES ('4020', 'æ˜¾å¡', 'M', 'hjkkjjk@qqq.com', '1');
INSERT INTO `tbl_emp` VALUES ('4021', 'æ˜¾å¡', 'M', 'hjkkjjk@qqq.com', '1');
INSERT INTO `tbl_emp` VALUES ('4035', '67776767', 'M', '677887787@qq.com', '1');
INSERT INTO `tbl_emp` VALUES ('4036', 'å¤§å¤§', 'M', '677887787@qq.com', '1');
INSERT INTO `tbl_emp` VALUES ('4040', '5676798', 'M', 'fgg445hg@qq.com', '1');
INSERT INTO `tbl_emp` VALUES ('4041', '7687889', 'F', '578787@tyy.com', '2');
INSERT INTO `tbl_emp` VALUES ('4048', 'æ•ˆçŽ‡', 'M', 'xianglin767@qq.com', '1');
INSERT INTO `tbl_emp` VALUES ('4049', 'å¤§å¤§å¤§', 'M', '14445@qq.com', '1');
INSERT INTO `tbl_emp` VALUES ('4050', 'å‘æž—', 'F', '1555@qqq.com', '2');
INSERT INTO `tbl_emp` VALUES ('4051', 'å‘æž—æž—', 'M', '546565665@yyy.com', '1');
